EUSF0001	S3T4
EUSF0002	S1T2
EUSF0003	S3T4
EUSF0004	S3T1
EUSF0005	S3T4
EUSF0006	S3T4
EUSF0007	S3T2
EUSF0008	S1T3
EUSF0009	S3T1
EUSF0010	S1T3
EUSF0011	S3T1
EUSF0012	S3T2
EUSF0013	S1T1
EUSF0014	S1T2
EUSF0015	S1T3
EUSF0016	S1T1
EUSF0017	S1T2
EUSF0018	S1T1
EUSF0019	S3T1
EUSF0020	S1T4
EUSF0021	S3T1
EUSF0022	S3T2
EUSF0023	S3T4
EUSF0024	S3T4
EUSF0025	S3T1
EUSF0026	S3T1
EUSF0027	S3T2
EUSF0028	S1T1
EUSF0029	S1T4
EUSF0030	S2T3
EUSF0031	S3T1
EUSF0032	S3T3
EUSF0033	S3T3
EUSF0034	S3T2
EUSF0035	S3T2
EUSF0036	S3T2
EUSF0037	S3T2
EUSF0038	S3T3
EUSF0039	S1T1
EUSF0040	S1T3
EUSF0041	Test_Sample
EUSF0042	S3T2
EUSF0043	S1T2
EUSF0044	S1T1
EUSF0045	S3T2
EUSF0046	S3T2
EUSF0047	S1T1
EUSF0048	S2T4
EUSF0049	Test_Sample
EUSF0050	S1T3
EUSF0051	S3T2
EUSF0052	S3T2
EUSF0053	S1T3
EUSF0054	S1T2
EUSF0055	S1T3
EUSF0056	S3T3
EUSF0057	S3T4
EUSF0058	S2T4
EUSF0059	S1T3
EUSF0060	S1T3
EUSF0061	S3T2
EUSF0062	S3T3
EUSF0063	S1T3
EUSF0064	S1T1
EUSF0065	S1T2
EUSF0066	S1T2
EUSF0067	S1T2
EUSF0068	S2T1
EUSF0069	S2T1
EUSF0070	S1T2
EUSF0071	S1T2
EUSF0072	S1T2
EUSF0073	S1T2
EUSF0074	S1T2
EUSF0075	S3T2
EUSF0076	S1T2
EUSF0077	S1T2
EUSF0078	S2T1
EUSF0079	S1T2
EUSF0080	S2T1
EUSF0081	S1T3
EUSF0082	S1T2
EUSF0083	Test_Sample
EUSF0084	S1T2
EUSF0085	S3T3
EUSF0086	S1T2
EUSF0087	S1T2
EUSF0088	S1T1
EUSF0089	S1T2
EUSF0090	S1T1
EUSF0091	S1T2
EUSF0092	S2T2
EUSF0093	S1T2
EUSF0094	S1T2
EUSF0095	S1T2
EUSF0096	S1T1
EUSF0097	S1T1
EUSF0098	S1T1
EUSF0099	S1T2
EUSF0100	Test_Sample
EUSF0101	S1T2
EUSF0102	S1T4
EUSF0103	S1T2
EUSF0104	S1T4
EUSF0105	S1T4
EUSF0106	S1T2
EUSF0107	S1T2
EUSF0108	S2T3
EUSF0109	S2T2
EUSF0110	S1T2
EUSF0111	S1T4
EUSF0112	S1T2
EUSF0113	S1T2
EUSF0114	S2T4
EUSF0115	S2T2
EUSF0116	S1T2
EUSF0117	S1T1
EUSF0118	S2T1
EUSF0119	Test_Sample
EUSF0120	S2T3
EUSF0121	S1T1
EUSF0122	S1T2
EUSF0123	S1T2
EUSF0124	S2T1
EUSF0125	S1T1
EUSF0126	S1T2
EUSF0127	S1T2
EUSF0128	S1T2
EUSF0129	S1T2
EUSF0130	S1T1
EUSF0131	S1T1
EUSF0132	S1T1
EUSF0133	S1T2
EUSF0134	S3T4
EUSF0135	S1T2
EUSF0136	S1T2
EUSF0137	S2T1
EUSF0138	S2T4
EUSF0139	Test_Sample
EUSF0140	S1T2
EUSF0141	Test_Sample
EUSF0142	S3T4
EUSF0143	S1T2
EUSF0144	S3T1
EUSF0145	S3T4
EUSF0146	S3T4
EUSF0147	S1T3
EUSF0148	S3T4
EUSF0149	S3T1
EUSF0150	S3T4
EUSF0151	S1T2
EUSF0152	S2T1
EUSF0153	S1T4
EUSF0154	S3T3
EUSF0155	S3T1
EUSF0156	S3T4
EUSF0157	S3T2
EUSF0158	S1T3
EUSF0159	S3T3
EUSF0160	S3T1
EUSF0161	S1T2
EUSF0162	S1T2
EUSF0163	S3T4
EUSF0164	S3T3
EUSF0165	S1T3
EUSF0166	S3T2
EUSF0167	S3T2
EUSF0168	S3T4
EUSF0169	S1T3
EUSF0170	S2T2
EUSF0171	S3T4
EUSF0172	S3T3
EUSF0173	S1T2
EUSF0174	S1T3
EUSF0175	Test_Sample
EUSF0176	S3T4
EUSF0177	S2T2
EUSF0178	S2T1
EUSF0179	S2T3
EUSF0180	S1T3
EUSF0181	S3T1
EUSF0182	S3T3
EUSF0183	S3T4
EUSF0184	S3T4
EUSF0185	S3T1
EUSF0186	S2T4
EUSF0187	S2T4
EUSF0188	S2T4
EUSF0189	S3T4
EUSF0190	S3T2
EUSF0191	S1T3
EUSF0192	S1T4
EUSF0193	S2T4
EUSF0194	S2T4
EUSF0195	S3T1
EUSF0196	S1T4
EUSF0197	S3T2
EUSF0198	S2T4
EUSF0199	S1T4
EUSF0200	S1T4
EUSF0201	S3T4
EUSF0202	S3T2
EUSF0203	S3T2
EUSF0204	S2T4
EUSF0205	S3T2
EUSF0206	S3T1
EUSF0207	S3T3
EUSF0208	S1T2
EUSF0209	S1T2
EUSF0210	S3T2
EUSF0211	S3T2
EUSF0212	S1T4
EUSF0213	S1T2
EUSF0214	S3T3
EUSF0215	S3T2
EUSF0216	S1T4
EUSF0217	S1T4
EUSF0218	S1T2
EUSF0219	S1T4
EUSF0220	S3T3
EUSF0221	S2T4
EUSF0222	S3T2
EUSF0223	S3T3
EUSF0224	S3T3
EUSF0225	S3T3
EUSF0226	S1T4
EUSF0227	S3T3
EUSF0228	S1T3
EUSF0229	S1T1
EUSF0230	S1T2
EUSF0231	S2T3
EUSF0232	S2T2
EUSF0233	S1T2
EUSF0234	S3T3
EUSF0235	S1T2
EUSF0236	S3T3
EUSF0237	Test_Sample
EUSF0238	S1T3
EUSF0239	S3T4
EUSF0240	S2T3
EUSF0241	S3T2
EUSF0242	S3T1
EUSF0243	Test_Sample
EUSF0244	S1T3
EUSF0245	S1T2
EUSF0246	Test_Sample
EUSF0247	S1T2
EUSF0248	S3T3
EUSF0249	S3T2
EUSF0250	S3T1
EUSF0251	S1T3
EUSF0252	S1T2
EUSF0253	S3T4
EUSF0254	S3T1
EUSF0255	S2T1
EUSF0256	S3T4
EUSF0257	S3T3
EUSF0258	S1T4
EUSF0259	S3T2
EUSF0260	S3T3
EUSF0261	S3T3
EUSF0262	S3T4
EUSF0264	S2T1
EUSF0265	Test_Sample
EUSF0266	S3T3
EUSF0267	S3T2
EUSF0268	S2T4
EUSF0269	S3T3
EUSF0270	S1T3
EUSF0271	S1T3
EUSF0272	S1T3
EUSF0273	S2T4
EUSF0274	S3T4
EUSF0275	S3T3
EUSF0276	S3T1
EUSF0277	S1T2
EUSF0278	S1T3
EUSF0279	S3T2
EUSF0280	S3T3
EUSF0281	S3T2
EUSF0282	S3T2
EUSF0283	S2T3
EUSF0284	S3T3
EUSF0285	S3T3
EUSF0286	S3T3
EUSF0287	S2T3
EUSF0288	S1T3
EUSF0289	S1T2
EUSF0290	S1T3
EUSF0291	S3T3
EUSF0292	S2T4
EUSF0293	S3T1
EUSF0294	S2T1
EUSF0295	S3T3
EUSF0296	S1T2
EUSF0297	S3T2
EUSF0298	S1T4
EUSF0299	S3T3
EUSF0300	S3T3
EUSF0301	S3T4
EUSF0302	S3T2
EUSF0303	S3T3
EUSF0304	S3T1
EUSF0305	S3T2
EUSF0306	S2T3
EUSF0307	S2T3
EUSF0308	S3T3
EUSF0309	S3T4
EUSF0310	S1T1
EUSF0311	S3T3
EUSF0312	S3T4
EUSF0313	S3T3
EUSF0314	S3T4
EUSF0315	S3T1
EUSF0316	S3T3
EUSF0317	S1T1
EUSF0318	S1T1
EUSF0319	S3T3
EUSF0320	S3T3
EUSF0321	S3T2
EUSF0322	S1T1
EUSF0323	S3T4
EUSF0324	S3T1
EUSF0325	S1T4
EUSF0326	Test_Sample
EUSF0327	S3T3
EUSF0328	S3T2
EUSF0329	S3T2
EUSF0330	S1T1
EUSF0331	S2T3
EUSF0332	S3T1
EUSF0333	S1T1
EUSF0334	S1T4
EUSF0335	Test_Sample
EUSF0336	S1T2
EUSF0337	S3T1
EUSF0338	S1T1
EUSF0339	S3T4
EUSF0340	S1T2
EUSF0341	S3T2
EUSF0342	S1T3
EUSF0343	S1T2
EUSF0344	S3T3
EUSF0345	S1T4
EUSF0346	S2T3
EUSF0347	S1T3
EUSF0348	S2T3
EUSF0349	S3T1
EUSF0350	S2T3
EUSF0351	S3T2
EUSF0352	S3T2
EUSF0353	S1T1
EUSF0354	S3T1
EUSF0355	S1T3
EUSF0356	S3T1
EUSF0357	S3T2
EUSF0358	S1T3
EUSF0359	S1T3
EUSF0360	S1T3
EUSF0361	Test_Sample
EUSF0362	S3T2
EUSF0363	S3T2
EUSF0364	S1T4
EUSF0365	S3T2
EUSF0366	S1T2
EUSF0367	S3T1
EUSF0368	S3T2
EUSF0369	S1T3
EUSF0370	S1T2
EUSF0371	S3T3
EUSF0372	S2T4
EUSF0373	S3T2
EUSF0374	S3T4
EUSF0375	S2T3
EUSF0376	S1T2
EUSF0377	S1T2
EUSF0378	S3T1
EUSF0379	S3T2
EUSF0380	S3T4
EUSF0381	S3T2
EUSF0382	S1T1
EUSF0383	S3T1
EUSF0384	S1T1
EUSF0385	S3T4
EUSF0386	S3T1
EUSF0387	S3T2
EUSF0388	S1T2
EUSF0389	S1T1
EUSF0390	S3T2
EUSF0391	S3T1
EUSF0392	S1T2
EUSF0393	S3T3
EUSF0394	S3T2
EUSF0395	S3T2
EUSF0396	S1T3
EUSF0397	S1T1
EUSF0398	S3T2
EUSF0399	S3T1
EUSF0400	S3T2
EUSF0401	S1T4
EUSF0402	S2T3
EUSF0403	S3T4
EUSF0404	S3T4
EUSF0405	S3T1
EUSF0406	S1T2
EUSF0407	S1T2
EUSF0408	S1T3
EUSF0409	S3T1
EUSF0410	S3T2
EUSF0411	S3T4
EUSF0412	S3T2
EUSF0413	S1T3
EUSF0414	S3T1
EUSF0415	S1T1
EUSF0416	S3T1
EUSF0417	S3T2
EUSF0418	S3T4
EUSF0419	S1T1
EUSF0420	S2T3
EUSF0421	S1T1
EUSF0422	S3T1
EUSF0423	S3T2
EUSF0424	S2T4
EUSF0425	S3T1
EUSF0426	S1T2
EUSF0427	S3T3
EUSF0428	S1T2
EUSF0429	S2T3
EUSF0430	S3T3
EUSF0431	S1T1
EUSF0432	S3T3
EUSF0433	S1T1
EUSF0434	S2T1
EUSF0435	S2T2
EUSF0436	S2T2
EUSF0437	S2T4
EUSF0438	S1T3
EUSF0439	S3T3
EUSF0440	S3T4
EUSF0441	S2T4
EUSF0442	S2T3
EUSF0443	S2T3
EUSF0444	S3T1
EUSF0445	S3T1
EUSF0446	S3T4
EUSF0447	S1T3
EUSF0448	S3T3
EUSF0451	S3T1
EUSF0452	S3T1
EUSF0453	S3T2
EUSF0454	S1T2
EUSF0455	S2T1
EUSF0456	S3T1
EUSF0457	S1T3
EUSF0458	S3T3
EUSF0459	S2T3
EUSF0460	S2T4
EUSF0461	S3T1
EUSF0462	S1T1
EUSF0463	S2T1
EUSF0464	S1T2
EUSF0465	S2T4
EUSF0466	S1T2
EUSF0467	S3T1
EUSF0468	S1T2
EUSF0469	S1T2
EUSF0470	S1T2
EUSF0471	S2T1
EUSF0472	S3T1
EUSF0473	S1T2
EUSF0474	S1T2
EUSF0475	S1T2
EUSF0476	S1T1
EUSF0477	S1T2
EUSF0478	S2T1
EUSF0479	S3T3
EUSF0480	S1T2
EUSF0481	S2T1
EUSF0482	S2T3
EUSF0483	S2T4
EUSF0484	S1T2
EUSF0485	S1T3
EUSF0486	S3T1
EUSF0487	S3T1
EUSF0488	S3T1
EUSF0489	S3T4
EUSF0490	S3T4
EUSF0491	S1T2
EUSF0492	S1T2
EUSF0493	S2T4
EUSF0494	S1T1
EUSF0495	S3T2
EUSF0496	S3T4
EUSF0497	S1T2
EUSF0498	S3T3
EUSF0499	Test_Sample
EUSF0500	S3T1
EUSF0501	S3T2
EUSF0502	S3T3
EUSF0503	S3T3
EUSF0504	S1T4
EUSF0505	S1T1
EUSF0506	S3T1
EUSF0507	S1T1
EUSF0508	S2T3
EUSF0509	S3T1
EUSF0510	S1T2
EUSF0511	Test_Sample
EUSF0512	S1T1
EUSF0513	S1T1
EUSF0514	S1T1
EUSF0515	S1T1
EUSF0516	S1T1
EUSF0517	S1T1
EUSF0518	S1T1
EUSF0519	S1T1
EUSF0520	S1T1
EUSF0521	S1T1
EUSF0522	S1T1
EUSF0523	S1T1
EUSF0524	S1T1
EUSF0525	S1T1
EUSF0526	S1T1
EUSF0527	S1T2
EUSF0528	S1T4
EUSF0529	S1T2
EUSF0530	S1T2
EUSF0531	S1T2
EUSF0532	S1T2
EUSF0533	S1T2
EUSF0534	S1T2
EUSF0535	S1T2
EUSF0536	S1T3
EUSF0537	S1T3
EUSF0538	S1T3
EUSF0539	S1T3
EUSF0540	S1T3
EUSF0541	S1T3
EUSF0542	S1T3
EUSF0543	S1T3
EUSF0544	S1T3
EUSF0545	S1T3
EUSF0546	S1T3
EUSF0547	S1T3
EUSF0548	S1T3
EUSF0549	S1T3
EUSF0550	S1T3
EUSF0551	S1T3
EUSF0552	S1T3
EUSF0553	S1T3
EUSF0554	S1T3
EUSF0555	S1T3
EUSF0556	S1T3
EUSF0557	S1T3
EUSF0558	S1T4
EUSF0559	S1T4
EUSF0560	S1T4
EUSF0561	S1T4
EUSF0562	S1T4
EUSF0563	S1T4
EUSF0564	S1T4
EUSF0565	S1T4
EUSF0566	S1T4
EUSF0567	S1T4
EUSF0568	S1T4
EUSF0569	S1T4
EUSF0570	S1T4
EUSF0571	S1T4
EUSF0572	S1T4
EUSF0573	S1T4
EUSF0574	S1T4
EUSF0575	S1T5
EUSF0576	S1T5
EUSF0577	S1T5
EUSF0578	S1T5
EUSF0579	S1T5
EUSF0580	S1T5
EUSF0581	S1T5
EUSF0582	S1T5
EUSF0583	FV0455
EUSF0584	S1T5
EUSF0585	S1T5
EUSF0586	S1T5
EUSF0587	S1T5
EUSF0588	S1T5
EUSF0589	S1T5
EUSF0590	S1T5
EUSF0591	S1T5
EUSF0592	S1T5
EUSF0593	S1T5
EUSF0594	S1T5
EUSF0595	S1T5
EUSF0596	S1T5
EUSF0597	S1T5
EUSF0598	S2T1
EUSF0599	S2T1
EUSF0600	S2T1
EUSF0601	S2T1
EUSF0602	S2T1
EUSF0603	S2T1
EUSF0604	S2T1
EUSF0605	S2T1
EUSF0606	S2T1
EUSF0607	S2T1
EUSF0608	S2T1
EUSF0609	S2T1
EUSF0610	S2T1
EUSF0611	S2T1
EUSF0612	S2T1
EUSF0613	S2T1
EUSF0614	S2T1
EUSF0615	S2T1
EUSF0616	S2T1
EUSF0617	S2T2
EUSF0618	S2T2
EUSF0619	S2T2
EUSF0620	S2T2
EUSF0621	S2T2
EUSF0622	S2T2
EUSF0623	S2T2
EUSF0624	S2T2
EUSF0625	S2T2
EUSF0626	S2T2
EUSF0627	S2T2
EUSF0628	S2T2
EUSF0629	S2T2
EUSF0630	S2T3
EUSF0631	S2T3
EUSF0632	S2T3
EUSF0633	S2T4
EUSF0634	S2T4
EUSF0635	S2T4
EUSF0636	S2T4
EUSF0637	S2T4
EUSF0638	S2T4
EUSF0639	S2T4
EUSF0640	S2T4
EUSF0641	S2T4
EUSF0642	S2T4
EUSF0643	S2T4
EUSF0644	S2T4
EUSF0645	S2T4
EUSF0646	S2T4
EUSF0647	S2T4
EUSF0648	S2T4
EUSF0649	S2T4
EUSF0650	S2T4
EUSF0651	S2T4
EUSF0652	S2T4
EUSF0653	S2T4
EUSF0654	S2T4
EUSF0655	S2T4
EUSF0656	S2T4
EUSF0657	S2T4
EUSF0658	S2T4
EUSF0659	S2T4
EUSF0660	S2T4
EUSF0661	S2T5
EUSF0662	S2T5
EUSF0663	S2T5
EUSF0664	S2T5
EUSF0665	S2T5
EUSF0666	S2T5
EUSF0667	S2T5
EUSF0668	S2T5
EUSF0669	S2T5
EUSF0670	S3T1
EUSF0671	S3T1
EUSF0672	S3T1
EUSF0673	S3T1
EUSF0674	S3T1
EUSF0675	S3T1
EUSF0676	S3T1
EUSF0677	S3T1
EUSF0678	S3T1
EUSF0679	S3T1
EUSF0680	S3T1
EUSF0681	S3T1
EUSF0682	S3T1
EUSF0683	S3T1
EUSF0684	S3T1
EUSF0685	S3T1
EUSF0686	S3T1
EUSF0687	S3T1
EUSF0688	S3T1
EUSF0689	S3T1
EUSF0690	S3T1
EUSF0691	S3T1
EUSF0692	S3T1
EUSF0693	S3T1
EUSF0694	S3T1
EUSF0695	S3T1
EUSF0696	S3T1
EUSF0697	S3T1
EUSF0698	S3T1
EUSF0699	S3T1
EUSF0700	S3T1
EUSF0701	S3T1
EUSF0702	S3T1
EUSF0703	S3T1
EUSF0704	S3T1
EUSF0705	S3T1
EUSF0706	S3T1
EUSF0707	S3T1
EUSF0708	S3T1
EUSF0709	S3T1
EUSF0710	S3T1
EUSF0711	S3T1
EUSF0712	S3T1
EUSF0713	S3T1
EUSF0714	S3T1
EUSF0715	S3T1
EUSF0716	S3T1
EUSF0717	S3T1
EUSF0718	S3T1
EUSF0719	S3T1
EUSF0720	S3T1
EUSF0721	S3T1
EUSF0722	S3T1
EUSF0723	S3T1
EUSF0724	S3T1
EUSF0725	S3T1
EUSF0726	S3T1
EUSF0727	S3T1
EUSF0728	S3T1
EUSF0729	S3T1
EUSF0730	S3T1
EUSF0731	S3T2
EUSF0732	S3T2
EUSF0733	S3T2
EUSF0734	S3T2
EUSF0735	S3T2
EUSF0736	S3T2
EUSF0737	S3T2
EUSF0738	S3T2
EUSF0739	S3T2
EUSF0740	S3T2
EUSF0741	S3T2
EUSF0742	S3T2
EUSF0743	S3T2
EUSF0744	S3T2
EUSF0745	S3T2
EUSF0746	S3T2
EUSF0747	S3T2
EUSF0748	S3T2
EUSF0749	S3T2
EUSF0750	S3T2
EUSF0751	S3T2
EUSF0752	S3T2
EUSF0753	S3T2
EUSF0754	S3T2
EUSF0755	S3T2
EUSF0756	S3T2
EUSF0757	S3T2
EUSF0758	S3T2
EUSF0759	S3T2
EUSF0760	S3T2
EUSF0761	S3T2
EUSF0762	S3T2
EUSF0763	S3T2
EUSF0764	S3T2
EUSF0765	S3T2
EUSF0766	S3T2
EUSF0767	S3T2
EUSF0768	S3T2
EUSF0769	S3T2
EUSF0770	S3T2
EUSF0771	S3T2
EUSF0772	S3T2
EUSF0773	S3T2
EUSF0774	S3T2
EUSF0775	S3T2
EUSF0776	S3T2
EUSF0777	S3T2
EUSF0778	S3T2
EUSF0779	S3T2
EUSF0780	S3T2
EUSF0781	S3T2
EUSF0782	S3T3
EUSF0783	S3T3
EUSF0784	S3T3
EUSF0785	S3T3
EUSF0786	S3T3
EUSF0787	S3T3
EUSF0788	S3T3
EUSF0789	S3T3
EUSF0790	S3T3
EUSF0791	S3T3
EUSF0792	S3T3
EUSF0793	S3T3
EUSF0795	S3T4
EUSF0796	S3T4
EUSF0797	S3T4
EUSF0798	S3T4
EUSF0799	S3T4
EUSF0800	S3T4
EUSF0801	S3T4
EUSF0802	S3T4
EUSF0803	S3T4
EUSF0804	S3T4
EUSF0805	S3T4
EUSF0806	S3T4
EUSF0807	S3T5
EUSF0808	S3T4
EUSF0809	S3T4
EUSF0810	S3T5
EUSF0811	S3T4
EUSF0812	S3T4
EUSF0813	S3T4
EUSF0814	S3T4
EUSF0815	S3T4
EUSF0816	S3T4
EUSF0817	S3T4
EUSF0818	S3T4
EUSF0819	S3T4
EUSF0820	S3T4
EUSF0821	S3T4
EUSF0822	S3T4
EUSF0823	S3T5
EUSF0824	S3T4
EUSF0825	S3T4
EUSF0826	S3T4
EUSF0827	S3T4
EUSF0828	S3T4
EUSF0829	S3T4
EUSF0830	S3T4
EUSF0831	S3T4
EUSF0832	S3T4
EUSF0833	S3T4
EUSF0834	S3T4
EUSF0835	S3T4
EUSF0836	S3T4
EUSF0837	S3T4
EUSF0838	S3T4
EUSF0839	S3T5
EUSF0840	S3T5
EUSF0841	S3T5
EUSF0842	S3T5
EUSF0843	S3T5
EUSF0844	S3T5
EUSF0845	S3T5
EUSF0846	S3T5
EUSF0847	S3T5
EUSF0848	S3T5
EUSF0849	S3T5
EUSF0850	S3T5
EUSF0851	S3T5
EUSF0852	S3T5
EUSF0853	S3T5
EUSF0854	S3T5
EUSF0855	S3T5
EUSF0856	S3T5
EUSF0857	S3T5
EUSF0858	S3T5
EUSF0859	S3T5
EUSF0860	S3T5
EUSF0861	S3T5
EUSF0862	S3T5
EUSF0863	S3T5
EUSF0864	S3T5
EUSF0865	S3T5
EUSF0866	S3T5
EUSF0867	S3T5
EUSF0868	S3T5
EUSF0869	S3T5
EUSF0870	S3T5
EUSF0871	S3T5
EUSF0872	S3T5
EUSF0873	S3T5
EUSF0874	S3T5
EUSF0875	S3T5
EUSF0876	S3T5
EUSF0877	S3T5
EUSF0878	S3T5
EUSF0879	S3T5
EUSF0880	S3T5
EUSF0881	S3T5
EUSF0882	S3T5
EUSF0883	S3T5
EUSF0884	S3T5
EUSF0885	S3T5
EUSF0886	S3T5
EUSF0887	S3T5
EUSF0888	S3T5
EUSF0889	S3T5
EUSF0890	S3T5
EUSF0891	S3T5
EUSF0892	S3T5
EUSF0893	S3T1
EUSF0894	S3T1
EUSF0895	S3T1
EUSF0896	S4T1
EUSF0897	S4T1
EUSF0898	S4T1
EUSF0899	S4T1
EUSF0900	S4T1
EUSF0901	S4T1
EUSF0902	S4T1
EUSF0903	S4T1
EUSF0904	S4T1
EUSF0905	S4T1
EUSF0906	S4T1
EUSF0907	S4T1
EUSF0908	S4T1
EUSF0909	S4T1
EUSF0910	S4T1
EUSF0911	S4T1
EUSF0912	S4T1
EUSF0913	S4T1
EUSF0914	S4T1
EUSF0915	S4T1
EUSF0916	S4T1
EUSF0917	S4T1
EUSF0918	S4T1
EUSF0919	S4T1
EUSF0920	S4T1
EUSF0921	S4T1
EUSF0922	S4T1
EUSF0923	S4T1
EUSF0924	S4T1
EUSF0925	S4T1
EUSF0926	S4T1
EUSF0927	S4T1
EUSF0928	S4T1
EUSF0929	S4T1
EUSF0930	S4T1
EUSF0931	S4T1
EUSF0932	S4T1
EUSF0933	S3T3
EUSF0934	S3T3
EUSF0935	S3T3
EUSF0936	S3T3
EUSF0937	S3T3
EUSF0938	S3T3
EUSF0939	S3T3
EUSF0940	S3T3
EUSF0941	S3T3
EUSF0942	S3T3
EUSF0943	S3T3
EUSF0944	S3T3
EUSF0945	S3T3
EUSF0946	S3T3
EUSF0947	S3T3
EUSF0948	S3T3
EUSF0949	S3T3
EUSF0950	S3T3
EUSF0951	S3T3
EUSF0952	S3T3
EUSF0953	S3T3
EUSF0954	S3T3
EUSF0955	S3T3
EUSF0956	S3T3
EUSF0957	S3T3
EUSF0958	S3T3
EUSF0959	S3T3
EUSF0960	S3T3
EUSF0961	S3T3
EUSF0962	S3T3
EUSF0963	S3T3
EUSF0964	S3T3
EUSF0965	S4T1
EUSF0966	S4T1
EUSF0967	S4T1
EUSF0968	S4T1
EUSF0969	S4T1
EUSF0970	S4T1
EUSF0971	S4T1
EUSF0972	S4T1
EUSF0973	S4T1
EUSF0974	S4T1
EUSF0975	S4T1
EUSF0976	S4T1
EUSF0977	S4T1
EUSF0978	S4T1
EUSF0979	S4T1
EUSF0980	S4T1
EUSF0981	S4T1
EUSF0982	S4T2
EUSF0983	S4T2
EUSF0984	S4T2
EUSF0985	S4T2
EUSF0986	S4T2
EUSF0987	S4T2
EUSF0988	S4T2
EUSF0989	S4T2
EUSF0990	S4T2
EUSF0991	S4T2
EUSF0992	S4T2
EUSF0993	S4T2
EUSF0994	S4T2
EUSF0995	S4T2
EUSF0996	S4T2
EUSF0997	S4T2
EUSF0998	S4T2
EUSF0999	S4T2
EUSF1000	S4T2
EUSF1001	S4T2
EUSF1002	S4T2
EUSF1003	S4T2
EUSF1004	S4T2
EUSF1005	S4T2
EUSF1006	S4T2
EUSF1007	S4T2
EUSF1008	S4T2
EUSF1009	S4T2
EUSF1010	S4T2
EUSF1011	S4T2
EUSF1012	S4T2
EUSF1013	S4T2
EUSF1014	S4T2
EUSF1015	S4T2
EUSF1016	S4T2
EUSF1017	S4T2
EUSF1018	S4T2
EUSF1019	S4T2
EUSF1020	S4T2
EUSF1021	S4T2
EUSF1022	S4T2
EUSF1023	S4T2
EUSF1024	S4T2
EUSF1025	S4T2
EUSF1026	S4T2
EUSF1027	S4T2
EUSF1028	S4T2
EUSF1029	S4T3
EUSF1030	S4T3
EUSF1031	S4T3
EUSF1032	S4T3
EUSF1033	S4T3
EUSF1034	S4T3
EUSF1035	S4T3
EUSF1036	S4T3
EUSF1037	S4T4
EUSF1038	S4T4
EUSF1039	S4T4
EUSF1040	S4T4
EUSF1041	S4T4
EUSF1042	S4T4
EUSF1043	S4T4
EUSF1044	S4T4
EUSF1045	S4T4
EUSF1046	S4T4
EUSF1047	S4T4
EUSF1048	S4T4
EUSF1049	S4T4
EUSF1050	S4T4
EUSF1051	S4T4
EUSF1052	S4T4
EUSF1053	S4T4
EUSF1054	S4T4
EUSF1055	S4T4
EUSF1056	S4T4
EUSF1057	S4T4
EUSF1058	S4T4
EUSF1059	S4T4
EUSF1060	S4T4
EUSF1061	S4T4
EUSF1062	S4T4
EUSF1063	S4T4
EUSF1064	S4T4
EUSF1065	S4T4
EUSF1066	S4T5
EUSF1067	S4T5
EUSF1068	S4T5
EUSF1069	S1T3
EUSF1070	S3T1
EUSF1071	S3T1
EUSF1072	S3T1
EUSF1073	S2T1
EUSF1074	S2T1
EUSF1075	S3T3
EUSF1076	S2T4
EUSF1077	S2T4
EUSF1078	S5T1
EUSF1079	S5T1
EUSF1080	S5T1
EUSF1081	S5T1
EUSF1082	S5T1
EUSF1083	S5T1
EUSF1084	S5T1
EUSF1085	S5T1
EUSF1086	S5T1
EUSF1087	S5T1
EUSF1088	S5T1
EUSF1089	S5T1
EUSF1090	S5T1
EUSF1091	S5T1
EUSF1092	S5T1
EUSF1093	S5T1
EUSF1094	S6T1
EUSF1095	S6T1
EUSF1096	S5T2
EUSF1097	S5T2
EUSF1098	S5T2
EUSF1099	S5T2
EUSF1100	S5T2
EUSF1101	S5T2
EUSF1102	S5T2
EUSF1103	S5T2
EUSF1104	S5T2
EUSF1105	S5T2
EUSF1106	S5T2
EUSF1107	S5T2
EUSF1108	S5T2
EUSF1109	S5T2
EUSF1110	S5T2
EUSF1111	S5T2
EUSF1112	S5T2
EUSF1113	S5T2
EUSF1114	S5T2
EUSF1115	S5T2
EUSF1116	S5T2
EUSF1117	S5T2
EUSF1118	S5T2
EUSF1119	S5T2
EUSF1120	S5T2
EUSF1121	S5T2
EUSF1122	S5T2
EUSF1123	S5T2
EUSF1124	S5T2
EUSF1125	S5T2
EUSF1126	S5T2
EUSF1127	S5T2
EUSF1128	S5T2
EUSF1129	S5T2
EUSF1130	S5T2
EUSF1131	S5T2
EUSF1132	S5T2
EUSF1133	S5T2
EUSF1134	S5T2
EUSF1135	S5T2
EUSF1136	S5T2
EUSF1137	S5T2
EUSF1138	S5T2
EUSF1139	S5T2
EUSF1140	S5T2
EUSF1141	S5T3
EUSF1142	S5T3
EUSF1143	S5T3
EUSF1144	S5T3
EUSF1145	S5T3
EUSF1146	S5T3
EUSF1147	S5T3
EUSF1148	S5T3
EUSF1149	S5T3
EUSF1150	S5T3
EUSF1151	S5T3
EUSF1152	S5T3
EUSF1153	S5T3
EUSF1154	S5T3
EUSF1155	S5T3
EUSF1156	S5T3
EUSF1157	S5T3
EUSF1158	S5T3
EUSF1159	S5T3
EUSF1160	S5T3
EUSF1161	S5T3
EUSF1162	S5T3
EUSF1163	S5T3
EUSF1164	S5T4
EUSF1165	S5T4
EUSF1166	S5T4
EUSF1167	S5T4
EUSF1168	S5T4
EUSF1169	S5T4
EUSF1170	S5T4
EUSF1171	S5T4
EUSF1172	S5T4
EUSF1173	S5T4
EUSF1174	S5T4
EUSF1175	S5T4
EUSF1176	S5T4
EUSF1177	S5T4
EUSF1178	S5T4
EUSF1179	S5T4
EUSF1180	S5T4
EUSF1181	S5T4
EUSF1182	S5T4
EUSF1183	S5T4
EUSF1184	S5T4
EUSF1185	S5T4
EUSF1186	S5T4
EUSF1187	S5T4
EUSF1188	S5T4
EUSF1189	S5T4
EUSF1190	S5T4
EUSF1191	S5T4
EUSF1192	S5T4
EUSF1193	S5T4
EUSF1194	S5T4
EUSF1195	S5T4
EUSF1196	S5T4
EUSF1197	S5T4
EUSF1198	S5T4
EUSF1199	S5T4
EUSF1200	S5T4
EUSF1201	S5T4
EUSF1202	S5T4
EUSF1203	S5T4
EUSF1204	S5T4
EUSF1205	S5T4
EUSF1206	S5T4
EUSF1207	S5T4
EUSF1208	S5T4
EUSF1209	S5T4
EUSF1210	S5T5
EUSF1211	S5T5
EUSF1212	S5T5
EUSF1213	S5T5
EUSF1214	S5T5
EUSF1215	S5T5
EUSF1216	S5T5
EUSF1217	S5T5
EUSF1218	S5T5
EUSF1219	S5T5
EUSF1220	S5T5
EUSF1221	S5T5
EUSF1222	S5T5
EUSF1223	S5T5
EUSF1224	S5T5
EUSF1225	S5T5
EUSF1226	S5T5
EUSF1227	S5T5
EUSF1228	S5T5
EUSF1229	S5T5
EUSF1230	S6T1
EUSF1231	S6T1
EUSF1232	S6T1
EUSF1233	S6T1
EUSF1234	S6T1
EUSF1235	S6T1
EUSF1236	S6T1
EUSF1237	S6T1
EUSF1238	S6T1
EUSF1239	S6T1
EUSF1240	S6T1
EUSF1241	S6T1
EUSF1242	S6T1
EUSF1243	S6T1
EUSF1244	S6T1
EUSF1245	S6T1
EUSF1246	S6T1
EUSF1247	S6T1
EUSF1248	S6T1
EUSF1249	S6T1
EUSF1250	S6T1
EUSF1251	S6T1
EUSF1252	S6T1
EUSF1253	S6T1
EUSF1254	S6T1
EUSF1255	S6T1
EUSF1256	S6T1
EUSF1257	S6T1
EUSF1258	S6T1
EUSF1259	S6T1
EUSF1260	S6T1
EUSF1261	S6T1
EUSF1262	S6T1
EUSF1263	S6T1
EUSF1264	S6T1
EUSF1265	S6T1
EUSF1266	S6T1
EUSF1267	S6T2
EUSF1268	S6T2
EUSF1269	S6T2
EUSF1270	S6T2
EUSF1271	S6T2
EUSF1272	S6T2
EUSF1273	S6T2
EUSF1274	S6T2
EUSF1275	S6T2
EUSF1276	S6T2
EUSF1277	S6T2
EUSF1278	S6T2
EUSF1279	S6T2
EUSF1280	S6T2
EUSF1281	S6T2
EUSF1282	S6T2
EUSF1283	S6T2
EUSF1284	S6T2
EUSF1285	S6T2
EUSF1286	S6T2
EUSF1287	S6T2
EUSF1288	S6T2
EUSF1289	S6T2
EUSF1290	S6T2
EUSF1291	S6T2
EUSF1292	S6T2
EUSF1293	S6T2
EUSF1294	S6T2
EUSF1295	S6T3
EUSF1296	S6T3
EUSF1297	S6T3
EUSF1298	S6T3
EUSF1299	S6T3
EUSF1300	S6T3
EUSF1301	S6T3
EUSF1302	S6T3
EUSF1303	S6T3
EUSF1304	S6T3
EUSF1305	S6T3
EUSF1306	S6T3
EUSF1307	S6T3
EUSF1308	S6T3
EUSF1309	S6T3
EUSF1310	S6T3
EUSF1311	S6T3
EUSF1312	S6T3
EUSF1313	S6T3
EUSF1314	S6T3
EUSF1315	S6T3
EUSF1316	S6T3
EUSF1317	S6T3
EUSF1318	S6T3
EUSF1319	S6T3
EUSF1320	S6T3
EUSF1321	S6T3
EUSF1322	S6T3
EUSF1323	S6T3
EUSF1324	S6T3
EUSF1325	S6T3
EUSF1326	S6T3
EUSF1327	S6T3
EUSF1328	S6T3
EUSF1329	S6T4
EUSF1330	S6T4
EUSF1331	S6T4
EUSF1332	S6T3
EUSF1333	S6T4
EUSF1334	S6T4
EUSF1335	S6T4
EUSF1336	S6T4
EUSF1337	S6T4
EUSF1338	S6T4
EUSF1339	S6T4
EUSF1340	S6T4
EUSF1341	S6T4
EUSF1342	S6T4
EUSF1343	S6T4
EUSF1344	S6T4
EUSF1345	S6T4
EUSF1346	S6T4
EUSF1347	S6T5
EUSF1348	S6T5
EUSF1349	S6T5
EUSF1350	S6T5
EUSF1351	S6T5
EUSF1352	S6T5
EUSF1353	S6T5
EUSF1354	S6T5
EUSF1355	S2T1
EUSF1356	S5T2
EUSF1357	S5T2
EUSF1358	S4T1
EUSF1359	S4T1
EUSF1360	S6T3
EUSF1361	S6T3
EUSF1362	S5T2
EUSF1363	S5T2
EUSF1364	S4T2
EUSF1365	S4T2
EUSF1366	S3T3
EUSF1367	S3T2
EUSF1368	S3T2
EUSF1369	S3T3
EUSF1370	S5T4
EUSF1371	S5T4
EUSF1372	S5T4
EUSF1373	S5T4
EUSF1374	S4T2
EUSF1375	S4T2
EUSF1376	S5T4
EUSF1377	S5T4
EUSF1378	S5T4
EUSF1379	S4T2
EUSF1380	S4T2
EUSF1381	S4T2
EUSF1382	S5T4
EUSF1383	S5T4
EUSF1384	S1T1
EUSF1385	S1T1
EUSF1386	S1T1
EUSF1387	S1T1
EUSF1388	S1T1
EUSF1389	S1T1
EUSF1390	S1T1
EUSF1391	S1T1
EUSF1392	S1T1
EUSF1393	S1T2
EUSF1394	S1T2
EUSF1395	S1T2
EUSF1396	S1T2
EUSF1397	S1T2
EUSF1398	S1T2
EUSF1399	S1T2
EUSF1400	S1T3
EUSF1401	S1T3
EUSF1402	S1T3
EUSF1403	S1T3
EUSF1404	S1T5
EUSF1405	S2T1
EUSF1406	S2T1
EUSF1407	S2T1
EUSF1408	S2T1
EUSF1409	S2T1
EUSF1410	S2T1
EUSF1411	S2T2
EUSF1412	S2T2
EUSF1413	S2T2
EUSF1414	S2T3
EUSF1415	S2T3
EUSF1416	S2T3
EUSF1417	S2T3
EUSF1418	S2T3
EUSF1419	S2T3
EUSF1420	S2T4
EUSF1421	S2T4
EUSF1422	S2T4
EUSF1423	S2T4
EUSF1424	S2T4
EUSF1425	S2T5
EUSF1426	S2T5
EUSF1427	S2T5
EUSF1428	S6T4
EUSF1429	S2T5
EUSF1430	S2T5
EUSF1431	S2T5
EUSF1432	S2T5
EUSF1433	S2T5
EUSF1434	S3T1
EUSF1435	S3T1
EUSF1436	S3T1
EUSF1437	S3T1
EUSF1438	S3T1
EUSF1439	S3T1
EUSF1440	S3T1
EUSF1441	S3T1
EUSF1442	S3T2
EUSF1443	S3T2
EUSF1444	S3T2
EUSF1445	S3T2
EUSF1446	S3T3
EUSF1447	S3T3
EUSF1448	S3T3
EUSF1449	S3T3
EUSF1450	S3T4
EUSF1451	S3T4
EUSF1452	S3T5
EUSF1453	S3T5
EUSF1454	S3T5
EUSF1455	S3T5
EUSF1456	S3T5
EUSF1457	S3T5
EUSF1458	S3T5
EUSF1459	S3T5
EUSF1460	S3T5
EUSF1461	S3T5
EUSF1462	S3T5
EUSF1463	S3T5
EUSF1464	S3T5
EUSF1465	S3T5
EUSF1466	S3T5
EUSF1467	S4T1
EUSF1468	S4T1
EUSF1469	S4T1
EUSF1470	S4T1
EUSF1471	S4T1
EUSF1472	S4T2
EUSF1517	S4T3
EUSF1518	S4T3
EUSF1519	S4T3
EUSF1520	S4T3
EUSF1521	S4T3
EUSF1522	S4T3
EUSF1523	S4T3
EUSF1524	S4T3
EUSF1525	S4T4
EUSF1526	S4T4
EUSF1527	S4T4
EUSF1528	S4T4
EUSF1529	S4T4
EUSF1530	S4T4
EUSF1531	S4T4
EUSF1532	S4T4
EUSF1533	S4T5
EUSF1534	S5T1
EUSF1535	S5T1
EUSF1536	S5T1
EUSF1537	S5T1
EUSF1538	S5T1
EUSF1539	S5T1
EUSF1540	S5T1
EUSF1541	S5T1
EUSF1542	S5T1
EUSF1543	S5T1
EUSF1544	S5T1
EUSF1545	S5T1
EUSF1546	S5T1
EUSF1547	S5T1
EUSF1548	S5T2
EUSF1549	S5T2
EUSF1590	S5T2
EUSF1591	S5T2
EUSF1592	S5T2
EUSF1593	S5T2
EUSF1594	S5T2
EUSF1595	S5T2
EUSF1596	S5T2
EUSF1597	S5T2
EUSF1598	S5T2
EUSF1599	S5T2
EUSF1600	S5T2
EUSF1601	S5T2
EUSF1602	S5T2
EUSF1603	S5T2
EUSF1604	S5T2
EUSF1605	S5T2
EUSF1606	S5T2
EUSF1607	S5T2
EUSF1608	S5T3
EUSF1609	S5T3
EUSF1610	S5T3
EUSF1611	S5T3
EUSF1612	S5T3
EUSF1613	S5T3
EUSF1614	S5T3
EUSF1615	S5T3
EUSF1616	S5T3
EUSF1617	S5T3
EUSF1618	S5T3
EUSF1619	S5T3
EUSF1620	S5T3
EUSF1621	S5T4
EUSF1622	S5T4
EUSF1623	S5T4
EUSF1624	S5T4
EUSF1625	S5T4
EUSF1626	S5T4
EUSF1627	S5T4
EUSF1628	S5T4
EUSF1629	S5T4
EUSF1630	S5T5
EUSF1631	S5T5
EUSF1632	S6T1
EUSF1633	S6T1
EUSF1678	S6T1
EUSF1679	S6T1
EUSF1680	S6T1
EUSF1681	S6T2
EUSF1682	S6T2
EUSF1683	S6T2
EUSF1684	S6T2
EUSF1685	S6T2
EUSF1686	S6T2
EUSF1687	S6T2
EUSF1688	S6T3
EUSF1689	S6T3
EUSF1690	S6T3
EUSF1691	S6T3
EUSF1692	S6T3
EUSF1693	S6T3
EUSF1694	S6T3
EUSF1695	S6T4
EUSF1696	S6T4
EUSF1697	S6T4
EUSF1698	S6T4
EUSF1699	S6T5
EUSF1700	S6T5
EUSF1701	S6T5
EUSF1702	S6T5
EUSF1703	S6T5
EUSF1704	S6T5
EUSF1705	S6T5
EUSF1706	S3T2
EUSF1709	S3T5
EUSF1710	S3T5
EUSF1711	S5T4
EUSF1712	S5T4
EUSF1713	S3T5
EUSF1714	S4T1
EUSF1715	S4T1
EUSF1716	S3T5
EUSF1717	S1T4
EUSF1718	S1T5
EUSF1719	S1T5
EUSF1720	S1T5
EUSF1721	S1T5
EUSF1473	201711-T08
EUSF1474	201711-T01
EUSF1475	201711-T02
EUSF1476	201711-T02
EUSF1477	201711-T02
EUSF1478	201711-T07
EUSF1479	201711-T06
EUSF1480	201711-T06
EUSF1481	201711-T02
EUSF1482	201711-T06
EUSF1483	201711-T01
EUSF1484	201711-T05
EUSF1485	201711-T01
EUSF1486	201711-T07
EUSF1487	201711-T02
EUSF1488	201711-T06
EUSF1489	201711-T06
EUSF1490	201711-T08
EUSF1491	201711-T08
EUSF1492	201711-T08
EUSF1493	201711-T01
EUSF1494	201711-T01
EUSF1494	201711-T01
EUSF1495	201711-T07
EUSF1496	201711-T02
EUSF1497	201711-T06
EUSF1498	201711-T06
EUSF1499	201711-T06
EUSF1500	201711-T02
EUSF1501	201711-T06
EUSF1502	201711-T06
EUSF1503	201711-T01
EUSF1504	201711-T06
EUSF1505	201711-T02
EUSF1506	201711-T01
EUSF1507	201711-T04
EUSF1508	201711-T02
EUSF1509	201711-T06
EUSF1510	201711-T02
EUSF1511	201711-T06
EUSF1512	201711-T08
EUSF1513	201711-T02
EUSF1514	201711-T01
EUSF1515	201711-T04
EUSF1516	201711-T02
EUSF1550	201711-T01
EUSF1551	201711-T06
EUSF1552	201711-T06
EUSF1553	201711-T06
EUSF1554	201711-T01
EUSF1555	201711-T07
EUSF1556	201711-T01
EUSF1557	201711-T01
EUSF1558	201711-T02
EUSF1559	201711-T02
EUSF1560	201711-T02
EUSF1561	201711-T02
EUSF1562	201711-T01
EUSF1563	201711-T02
EUSF1564	201711-T08
EUSF1565	201711-T08
EUSF1566	201711-T05
EUSF1567	201711-T01
EUSF1568	201711-T08
EUSF1569	201711-T08
EUSF1570	201711-T03
EUSF1571	201711-T02
EUSF1572	201711-T02
EUSF1573	201711-T02
EUSF1574	201711-T03
EUSF1575	201711-T01
EUSF1576	201711-T02
EUSF1577	201711-T04
EUSF1578	201711-T01
EUSF1579	201711-T01
EUSF1580	201711-T04
EUSF1581	201711-T06
EUSF1582	201711-T08
EUSF1583	201711-T02
EUSF1584	201711-T06
EUSF1585	201711-T06
EUSF1586	201711-T02
EUSF1587	201711-T01
EUSF1588	201711-T02
EUSF1589	201711-T06
EUSF1634	201711-T08
EUSF1635	201711-T02
EUSF1636	201711-T08
EUSF1637	201711-T08
EUSF1638	201711-T08
EUSF1639	201711-T08
EUSF1640	201711-T08
EUSF1641	201711-T02
EUSF1642	201711-T02
EUSF1643	201711-T02
EUSF1644	201711-T05
EUSF1645	201711-T06
EUSF1646	201711-T03
EUSF1647	201711-T01
EUSF1648	201711-T01
EUSF1649	201711-T03
EUSF1650	201711-T02
EUSF1651	201711-T02
EUSF1652	201711-T08
EUSF1653	201711-T03
EUSF1654	201711-T03
EUSF1655	201711-T08
EUSF1656	201711-T02
EUSF1657	201711-T08
EUSF1658	201711-T06
EUSF1659	201711-T01
EUSF1660	201711-T08
EUSF1661	201711-T03
EUSF1662	201711-T08
EUSF1663	201711-T08
EUSF1664	201711-T01
EUSF1665	201711-T02
EUSF1666	201711-T02
EUSF1667	201711-T06
EUSF1668	201711-T06
EUSF1669	201711-T02
EUSF1670	201711-T03
EUSF1671	201711-T08
EUSF1672	201711-T07
EUSF1673	201711-T02
EUSF1674	201711-T08
EUSF1675	201711-T02
EUSF1676	201711-T02
EUSF1677	201711-T08
EUSF1722	201711-T03
EUSF1723	201711-T02
EUSF1724	201711-T08
EUSF1725	201711-T08
EUSF1726	201711-T01
EUSF1727	201711-T08
EUSF1728	201711-T05
EUSF1729	201711-T01
EUSF1730	201711-T06
EUSF1731	201711-T01
EUSF1732	201711-T01
EUSF1733	201711-T01
EUSF1734	201711-T01
EUSF1735	201711-T01
EUSF1736	201711-T01
EUSF1737	201711-T02
EUSF1738	201711-T02
EUSF1739	201711-T01
EUSF1740	201711-T01
EUSF1741	201711-T02
EUSF1742	201711-T02
EUSF1743	201711-T01
EUSF1744	201711-T01
EUSF1745	201711-T08
EUSF1746	201711-T01
EUSF1747	201711-T02
EUSF1748	201711-T01
EUSF1749	201711-T01
EUSF1750	201711-T01
EUSF1751	201711-T01
EUSF1752	201711-T08
EUSF1753	201711-T04
EUSF1754	201711-T01
EUSF1755	201711-T04
EUSF1756	201711-T04
EUSF1757	201711-T04
EUSF1758	201711-T01
EUSF1759	201711-T01
EUSF1760	201711-T06
EUSF1761	201711-T02
EUSF1762	201711-T02
EUSF1763	201711-T02
EUSF1764	201711-T01
EUSF1765	201711-T01
EUSF1766	201711-T02
EUSF1767	201711-T06
EUSF1768	201711-T02
EUSF1769	201711-T02
EUSF1770	201711-T01
EUSF1771	201711-T08
EUSF1772	201711-T07
EUSF1773	201711-T08
EUSF1774	201711-T06
EUSF1775	201711-T08
EUSF1776	201711-T06
EUSF1777	201711-T06
EUSF1778	201711-T03
EUSF1779	201711-T04
EUSF1780	201711-T04
EUSF1781	201711-T07
EUSF1782	201711-T07
EUSF1783	201711-T08
EUSF1784	201711-T08
EUSF1785	201711-T08
EUSF1787	201711-T08
EUSF1788	201711-T08
EUSF1789	201711-T05
EUSF1789	201711-T06
EUSF1790	201711-T02
EUSF1791	201711-T02
EUSF1792	201711-T06
EUSF1793	201711-T08
EUSF1794	201711-T08
EUSF1795	201711-T02
EUSF1796	201711-T01
EUSF1797	201711-T03
EUSF1798	201711-T08
EUSF1799	201711-T01
EUSF1800	201711-T01
EUSF1801	201711-T01
EUSF1802	201711-T06
EUSF1803	201711-T02
EUSF1804	201711-T02
EUSF1806	201711-T08
EUSF1807	201711-T04
EUSF1808	201711-T02
EUSF1809	201711-T08
EUSF1810	201711-T01
