strain,reference mean,reference standard dev.,user selected cutoff,score (minimum distance to any reference)
EUSF00532,0.06993405025125628,0.13198368641374245,1.3897709143886807,0.012826
EUSF00533,0.06993405025125628,0.13198368641374245,1.3897709143886807,0.013067
EUSF00530,0.06993405025125628,0.13198368641374245,1.3897709143886807,0.013067
EUSF00531,0.06993405025125628,0.13198368641374245,1.3897709143886807,0.013067
EUSF00536,0.06993405025125628,0.13198368641374245,1.3897709143886807,1e-06
EUSF00537,0.06993405025125628,0.13198368641374245,1.3897709143886807,0.012826
EUSF00534,0.06993405025125628,0.13198368641374245,1.3897709143886807,0.012826
EUSF00535,0.06993405025125628,0.13198368641374245,1.3897709143886807,0.013067
EUSF01940,0.06993405025125628,0.13198368641374245,1.3897709143886807,0.006419
EUSF00538,0.06993405025125628,0.13198368641374245,1.3897709143886807,0.012826
EUSF00984,0.06993405025125628,0.13198368641374245,1.3897709143886807,0.019377
EUSF00872,0.06993405025125628,0.13198368641374245,1.3897709143886807,0.013067
EUSF00871,0.06993405025125628,0.13198368641374245,1.3897709143886807,0.012826
EUSF00870,0.06993405025125628,0.13198368641374245,1.3897709143886807,0.013067
EUSF00877,0.06993405025125628,0.13198368641374245,1.3897709143886807,0.013067
EUSF00876,0.06993405025125628,0.13198368641374245,1.3897709143886807,0.006386
EUSF00875,0.06993405025125628,0.13198368641374245,1.3897709143886807,1e-06
EUSF00874,0.06993405025125628,0.13198368641374245,1.3897709143886807,0.019441
EUSF00879,0.06993405025125628,0.13198368641374245,1.3897709143886807,1e-06
EUSF00878,0.06993405025125628,0.13198368641374245,1.3897709143886807,0.013067
EUSF00931,0.06993405025125628,0.13198368641374245,1.3897709143886807,1e-06
EUSF00822,0.06993405025125628,0.13198368641374245,1.3897709143886807,1e-06
EUSF00988,0.06993405025125628,0.13198368641374245,1.3897709143886807,0.032696
EUSF01149,0.06993405025125628,0.13198368641374245,1.3897709143886807,0.012826
EUSF00728,0.06993405025125628,0.13198368641374245,1.3897709143886807,1e-06
EUSF01203,0.06993405025125628,0.13198368641374245,1.3897709143886807,0.012826
EUSF01202,0.06993405025125628,0.13198368641374245,1.3897709143886807,0.033098
EUSF01201,0.06993405025125628,0.13198368641374245,1.3897709143886807,0.006459
EUSF00539,0.06993405025125628,0.13198368641374245,1.3897709143886807,0.012826
EUSF01207,0.06993405025125628,0.13198368641374245,1.3897709143886807,0.019478
EUSF01206,0.06993405025125628,0.13198368641374245,1.3897709143886807,0.019319
EUSF01205,0.06993405025125628,0.13198368641374245,1.3897709143886807,0.019377
EUSF01204,0.06993405025125628,0.13198368641374245,1.3897709143886807,0.006459
EUSF01209,0.06993405025125628,0.13198368641374245,1.3897709143886807,0.006459
EUSF01208,0.06993405025125628,0.13198368641374245,1.3897709143886807,0.012826
EUSF01136,0.06993405025125628,0.13198368641374245,1.3897709143886807,1e-06
EUSF00626,0.06993405025125628,0.13198368641374245,1.3897709143886807,0.032623
EUSF00627,0.06993405025125628,0.13198368641374245,1.3897709143886807,0.032886
EUSF00624,0.06993405025125628,0.13198368641374245,1.3897709143886807,0.01965
EUSF00625,0.06993405025125628,0.13198368641374245,1.3897709143886807,0.032696
EUSF00622,0.06993405025125628,0.13198368641374245,1.3897709143886807,0.01965
EUSF00623,0.06993405025125628,0.13198368641374245,1.3897709143886807,0.012805
EUSF00620,0.06993405025125628,0.13198368641374245,1.3897709143886807,0.033029
EUSF00588,0.06993405025125628,0.13198368641374245,1.3897709143886807,0.006386
EUSF00587,0.06993405025125628,0.13198368641374245,1.3897709143886807,0.006386
EUSF00586,0.06993405025125628,0.13198368641374245,1.3897709143886807,0.006386
EUSF00585,0.06993405025125628,0.13198368641374245,1.3897709143886807,0.006386
EUSF00584,0.06993405025125628,0.13198368641374245,1.3897709143886807,0.032886
EUSF00583,0.06993405025125628,0.13198368641374245,1.3897709143886807,0.006459
EUSF00582,0.06993405025125628,0.13198368641374245,1.3897709143886807,0.006386
EUSF00628,0.06993405025125628,0.13198368641374245,1.3897709143886807,0.006495
EUSF00580,0.06993405025125628,0.13198368641374245,1.3897709143886807,0.006373
EUSF01873,0.06993405025125628,0.13198368641374245,1.3897709143886807,0.006459
EUSF01130,0.06993405025125628,0.13198368641374245,1.3897709143886807,0.012826
EUSF00700,0.06993405025125628,0.13198368641374245,1.3897709143886807,1e-06
EUSF01133,0.06993405025125628,0.13198368641374245,1.3897709143886807,0.025935
EUSF01132,0.06993405025125628,0.13198368641374245,1.3897709143886807,0.012826
EUSF01720,0.06993405025125628,0.13198368641374245,1.3897709143886807,0.006386
EUSF01721,0.06993405025125628,0.13198368641374245,1.3897709143886807,0.006459
EUSF01522,0.06993405025125628,0.13198368641374245,1.3897709143886807,1e-06
EUSF01134,0.06993405025125628,0.13198368641374245,1.3897709143886807,0.012826
EUSF01058,0.06993405025125628,0.13198368641374245,1.3897709143886807,0.012805
EUSF01059,0.06993405025125628,0.13198368641374245,1.3897709143886807,1e-06
EUSF01056,0.06993405025125628,0.13198368641374245,1.3897709143886807,0.012805
EUSF01057,0.06993405025125628,0.13198368641374245,1.3897709143886807,0.032696
EUSF01054,0.06993405025125628,0.13198368641374245,1.3897709143886807,0.032696
EUSF01055,0.06993405025125628,0.13198368641374245,1.3897709143886807,0.025935
EUSF01052,0.06993405025125628,0.13198368641374245,1.3897709143886807,0.032696
EUSF01053,0.06993405025125628,0.13198368641374245,1.3897709143886807,0.006373
EUSF01050,0.06993405025125628,0.13198368641374245,1.3897709143886807,1e-06
EUSF01051,0.06993405025125628,0.13198368641374245,1.3897709143886807,0.012805
EUSF01117,0.06993405025125628,0.13198368641374245,1.3897709143886807,0.012826
EUSF01116,0.06993405025125628,0.13198368641374245,1.3897709143886807,0.012826
EUSF01115,0.06993405025125628,0.13198368641374245,1.3897709143886807,0.019377
EUSF00759,0.06993405025125628,0.13198368641374245,1.3897709143886807,0.013067
EUSF01298,0.06993405025125628,0.13198368641374245,1.3897709143886807,0.006386
EUSF01112,0.06993405025125628,0.13198368641374245,1.3897709143886807,1e-06
EUSF01111,0.06993405025125628,0.13198368641374245,1.3897709143886807,1e-06
EUSF01110,0.06993405025125628,0.13198368641374245,1.3897709143886807,1e-06
EUSF01294,0.06993405025125628,0.13198368641374245,1.3897709143886807,0.019451
EUSF01295,0.06993405025125628,0.13198368641374245,1.3897709143886807,0.019687
EUSF01296,0.06993405025125628,0.13198368641374245,1.3897709143886807,0.006386
EUSF00751,0.06993405025125628,0.13198368641374245,1.3897709143886807,0.019441
EUSF00756,0.06993405025125628,0.13198368641374245,1.3897709143886807,0.013067
EUSF00754,0.06993405025125628,0.13198368641374245,1.3897709143886807,0.013067
EUSF00755,0.06993405025125628,0.13198368641374245,1.3897709143886807,0.013067
EUSF01079,0.06993405025125628,0.13198368641374245,1.3897709143886807,0.012826
EUSF00950,0.06993405025125628,0.13198368641374245,1.3897709143886807,0.006386
EUSF00898,0.06993405025125628,0.13198368641374245,1.3897709143886807,1e-06
EUSF00952,0.06993405025125628,0.13198368641374245,1.3897709143886807,0.006386
EUSF00953,0.06993405025125628,0.13198368641374245,1.3897709143886807,1e-06
EUSF00954,0.06993405025125628,0.13198368641374245,1.3897709143886807,1e-06
EUSF01596,0.06993405025125628,0.13198368641374245,1.3897709143886807,0.006377
EUSF00956,0.06993405025125628,0.13198368641374245,1.3897709143886807,1e-06
EUSF00891,0.06993405025125628,0.13198368641374245,1.3897709143886807,0.012826
EUSF01611,0.06993405025125628,0.13198368641374245,1.3897709143886807,0.019319
EUSF01599,0.06993405025125628,0.13198368641374245,1.3897709143886807,0.006377
EUSF00895,0.06993405025125628,0.13198368641374245,1.3897709143886807,0.013067
EUSF00894,0.06993405025125628,0.13198368641374245,1.3897709143886807,0.019377
EUSF01616,0.06993405025125628,0.13198368641374245,1.3897709143886807,0.019319
EUSF00896,0.06993405025125628,0.13198368641374245,1.3897709143886807,0.019425
EUSF01378,0.06993405025125628,0.13198368641374245,1.3897709143886807,0.006386
EUSF01371,0.06993405025125628,0.13198368641374245,1.3897709143886807,1e-06
EUSF01370,0.06993405025125628,0.13198368641374245,1.3897709143886807,1e-06
EUSF01376,0.06993405025125628,0.13198368641374245,1.3897709143886807,0.032696
EUSF01374,0.06993405025125628,0.13198368641374245,1.3897709143886807,0.032696
EUSF01470,0.06993405025125628,0.13198368641374245,1.3897709143886807,1e-06
EUSF01471,0.06993405025125628,0.13198368641374245,1.3897709143886807,0.032886
EUSF01472,0.06993405025125628,0.13198368641374245,1.3897709143886807,0.01964
EUSF00520,0.06993405025125628,0.13198368641374245,1.3897709143886807,0.012805
EUSF01180,0.06993405025125628,0.13198368641374245,1.3897709143886807,1e-06
EUSF01181,0.06993405025125628,0.13198368641374245,1.3897709143886807,0.006386
EUSF01182,0.06993405025125628,0.13198368641374245,1.3897709143886807,0.012826
EUSF01184,0.06993405025125628,0.13198368641374245,1.3897709143886807,0.012826
EUSF01185,0.06993405025125628,0.13198368641374245,1.3897709143886807,0.012826
EUSF01186,0.06993405025125628,0.13198368641374245,1.3897709143886807,0.012826
EUSF01187,0.06993405025125628,0.13198368641374245,1.3897709143886807,0.012826
EUSF01188,0.06993405025125628,0.13198368641374245,1.3897709143886807,0.006459
EUSF01189,0.06993405025125628,0.13198368641374245,1.3897709143886807,0.006459
EUSF01925,0.06993405025125628,0.13198368641374245,1.3897709143886807,0.01965
EUSF01244,0.06993405025125628,0.13198368641374245,1.3897709143886807,0.006386
EUSF01520,0.06993405025125628,0.13198368641374245,1.3897709143886807,0.006386
EUSF01621,0.06993405025125628,0.13198368641374245,1.3897709143886807,0.012805
EUSF01620,0.06993405025125628,0.13198368641374245,1.3897709143886807,0.012826
EUSF01266,0.06993405025125628,0.13198368641374245,1.3897709143886807,0.019451
EUSF01623,0.06993405025125628,0.13198368641374245,1.3897709143886807,0.012826
EUSF01622,0.06993405025125628,0.13198368641374245,1.3897709143886807,0.012826
EUSF01692,0.06993405025125628,0.13198368641374245,1.3897709143886807,0.006386
EUSF01268,0.06993405025125628,0.13198368641374245,1.3897709143886807,0.012826
EUSF01157,0.06993405025125628,0.13198368641374245,1.3897709143886807,0.012805
EUSF00651,0.06993405025125628,0.13198368641374245,1.3897709143886807,0.033098
EUSF01156,0.06993405025125628,0.13198368641374245,1.3897709143886807,0.012826
EUSF01155,0.06993405025125628,0.13198368641374245,1.3897709143886807,0.012826
EUSF01154,0.06993405025125628,0.13198368641374245,1.3897709143886807,0.012826
EUSF00771,0.06993405025125628,0.13198368641374245,1.3897709143886807,0.006386
EUSF01629,0.06993405025125628,0.13198368641374245,1.3897709143886807,0.012826
EUSF01928,0.06993405025125628,0.13198368641374245,1.3897709143886807,1e-06
EUSF01929,0.06993405025125628,0.13198368641374245,1.3897709143886807,0.717811
EUSF01628,0.06993405025125628,0.13198368641374245,1.3897709143886807,0.012826
EUSF01923,0.06993405025125628,0.13198368641374245,1.3897709143886807,1e-06
EUSF01920,0.06993405025125628,0.13198368641374245,1.3897709143886807,0.006459
EUSF01921,0.06993405025125628,0.13198368641374245,1.3897709143886807,0.012993
EUSF01926,0.06993405025125628,0.13198368641374245,1.3897709143886807,0.006459
EUSF01159,0.06993405025125628,0.13198368641374245,1.3897709143886807,0.012826
EUSF01924,0.06993405025125628,0.13198368641374245,1.3897709143886807,0.006419
EUSF01013,0.06993405025125628,0.13198368641374245,1.3897709143886807,0.006386
EUSF01158,0.06993405025125628,0.13198368641374245,1.3897709143886807,0.012826
EUSF01963,0.06993405025125628,0.13198368641374245,1.3897709143886807,1e-06
EUSF00828,0.06993405025125628,0.13198368641374245,1.3897709143886807,0.013067
EUSF00829,0.06993405025125628,0.13198368641374245,1.3897709143886807,0.012805
EUSF00980,0.06993405025125628,0.13198368641374245,1.3897709143886807,0.006373
EUSF00987,0.06993405025125628,0.13198368641374245,1.3897709143886807,0.012805
EUSF00986,0.06993405025125628,0.13198368641374245,1.3897709143886807,1e-06
EUSF00985,0.06993405025125628,0.13198368641374245,1.3897709143886807,0.019377
EUSF00820,0.06993405025125628,0.13198368641374245,1.3897709143886807,0.012805
EUSF00821,0.06993405025125628,0.13198368641374245,1.3897709143886807,1e-06
EUSF00989,0.06993405025125628,0.13198368641374245,1.3897709143886807,1e-06
EUSF00823,0.06993405025125628,0.13198368641374245,1.3897709143886807,0.013067
EUSF00824,0.06993405025125628,0.13198368641374245,1.3897709143886807,0.006377
EUSF00825,0.06993405025125628,0.13198368641374245,1.3897709143886807,0.013067
EUSF00827,0.06993405025125628,0.13198368641374245,1.3897709143886807,1e-06
EUSF00578,0.06993405025125628,0.13198368641374245,1.3897709143886807,0.006386
EUSF00579,0.06993405025125628,0.13198368641374245,1.3897709143886807,0.006386
EUSF00576,0.06993405025125628,0.13198368641374245,1.3897709143886807,0.032886
EUSF00577,0.06993405025125628,0.13198368641374245,1.3897709143886807,0.006459
EUSF00574,0.06993405025125628,0.13198368641374245,1.3897709143886807,0.032886
EUSF00573,0.06993405025125628,0.13198368641374245,1.3897709143886807,0.006495
EUSF00571,0.06993405025125628,0.13198368641374245,1.3897709143886807,0.013067
EUSF01153,0.06993405025125628,0.13198368641374245,1.3897709143886807,0.012826
EUSF01259,0.06993405025125628,0.13198368641374245,1.3897709143886807,0.006386
EUSF01151,0.06993405025125628,0.13198368641374245,1.3897709143886807,0.033098
EUSF01150,0.06993405025125628,0.13198368641374245,1.3897709143886807,0.012826
EUSF01625,0.06993405025125628,0.13198368641374245,1.3897709143886807,0.013067
EUSF01624,0.06993405025125628,0.13198368641374245,1.3897709143886807,1e-06
EUSF01627,0.06993405025125628,0.13198368641374245,1.3897709143886807,0.006386
EUSF01626,0.06993405025125628,0.13198368641374245,1.3897709143886807,1e-06
EUSF01250,0.06993405025125628,0.13198368641374245,1.3897709143886807,0.006386
EUSF01251,0.06993405025125628,0.13198368641374245,1.3897709143886807,0.006386
EUSF01252,0.06993405025125628,0.13198368641374245,1.3897709143886807,0.006386
EUSF01253,0.06993405025125628,0.13198368641374245,1.3897709143886807,1e-06
EUSF01254,0.06993405025125628,0.13198368641374245,1.3897709143886807,1e-06
EUSF01255,0.06993405025125628,0.13198368641374245,1.3897709143886807,1e-06
EUSF01256,0.06993405025125628,0.13198368641374245,1.3897709143886807,0.006386
EUSF00717,0.06993405025125628,0.13198368641374245,1.3897709143886807,0.006386
EUSF00714,0.06993405025125628,0.13198368641374245,1.3897709143886807,1e-06
EUSF00715,0.06993405025125628,0.13198368641374245,1.3897709143886807,0.033098
EUSF00712,0.06993405025125628,0.13198368641374245,1.3897709143886807,0.019377
EUSF00713,0.06993405025125628,0.13198368641374245,1.3897709143886807,0.006386
EUSF00710,0.06993405025125628,0.13198368641374245,1.3897709143886807,1e-06
EUSF00711,0.06993405025125628,0.13198368641374245,1.3897709143886807,1e-06
EUSF00657,0.06993405025125628,0.13198368641374245,1.3897709143886807,0.01965
EUSF00656,0.06993405025125628,0.13198368641374245,1.3897709143886807,0.032696
EUSF00655,0.06993405025125628,0.13198368641374245,1.3897709143886807,1e-06
EUSF00653,0.06993405025125628,0.13198368641374245,1.3897709143886807,0.032886
EUSF00917,0.06993405025125628,0.13198368641374245,1.3897709143886807,1e-06
EUSF00718,0.06993405025125628,0.13198368641374245,1.3897709143886807,0.019441
EUSF00650,0.06993405025125628,0.13198368641374245,1.3897709143886807,0.026142
EUSF00742,0.06993405025125628,0.13198368641374245,1.3897709143886807,0.013067
EUSF00654,0.06993405025125628,0.13198368641374245,1.3897709143886807,0.025935
EUSF00918,0.06993405025125628,0.13198368641374245,1.3897709143886807,0.012805
EUSF00919,0.06993405025125628,0.13198368641374245,1.3897709143886807,0.025935
EUSF00915,0.06993405025125628,0.13198368641374245,1.3897709143886807,0.006377
EUSF00916,0.06993405025125628,0.13198368641374245,1.3897709143886807,0.032696
EUSF00910,0.06993405025125628,0.13198368641374245,1.3897709143886807,0.019377
EUSF00911,0.06993405025125628,0.13198368641374245,1.3897709143886807,0.032696
EUSF00913,0.06993405025125628,0.13198368641374245,1.3897709143886807,0.025935
EUSF00679,0.06993405025125628,0.13198368641374245,1.3897709143886807,0.006386
EUSF01719,0.06993405025125628,0.13198368641374245,1.3897709143886807,0.006386
EUSF00788,0.06993405025125628,0.13198368641374245,1.3897709143886807,1e-06
EUSF00785,0.06993405025125628,0.13198368641374245,1.3897709143886807,1e-06
EUSF00784,0.06993405025125628,0.13198368641374245,1.3897709143886807,0.019377
EUSF00787,0.06993405025125628,0.13198368641374245,1.3897709143886807,0.006386
EUSF00786,0.06993405025125628,0.13198368641374245,1.3897709143886807,0.019441
EUSF00781,0.06993405025125628,0.13198368641374245,1.3897709143886807,1e-06
EUSF01712,0.06993405025125628,0.13198368641374245,1.3897709143886807,0.006459
EUSF01434,0.06993405025125628,0.13198368641374245,1.3897709143886807,0.006342
EUSF01437,0.06993405025125628,0.13198368641374245,1.3897709143886807,0.013067
EUSF01430,0.06993405025125628,0.13198368641374245,1.3897709143886807,1e-06
EUSF01432,0.06993405025125628,0.13198368641374245,1.3897709143886807,1e-06
EUSF01433,0.06993405025125628,0.13198368641374245,1.3897709143886807,0.013067
EUSF01535,0.06993405025125628,0.13198368641374245,1.3897709143886807,0.019377
EUSF01537,0.06993405025125628,0.13198368641374245,1.3897709143886807,0.012826
EUSF01024,0.06993405025125628,0.13198368641374245,1.3897709143886807,0.019377
EUSF01023,0.06993405025125628,0.13198368641374245,1.3897709143886807,0.006386
EUSF01530,0.06993405025125628,0.13198368641374245,1.3897709143886807,0.019319
EUSF01533,0.06993405025125628,0.13198368641374245,1.3897709143886807,0.01964
EUSF01532,0.06993405025125628,0.13198368641374245,1.3897709143886807,0.019319
EUSF01539,0.06993405025125628,0.13198368641374245,1.3897709143886807,0.006495
EUSF01538,0.06993405025125628,0.13198368641374245,1.3897709143886807,0.012805
EUSF01029,0.06993405025125628,0.13198368641374245,1.3897709143886807,0.006386
EUSF01028,0.06993405025125628,0.13198368641374245,1.3897709143886807,0.032696
EUSF00886,0.06993405025125628,0.13198368641374245,1.3897709143886807,0.006386
EUSF00928,0.06993405025125628,0.13198368641374245,1.3897709143886807,1e-06
EUSF00969,0.06993405025125628,0.13198368641374245,1.3897709143886807,0.006386
EUSF00968,0.06993405025125628,0.13198368641374245,1.3897709143886807,0.012826
EUSF01240,0.06993405025125628,0.13198368641374245,1.3897709143886807,0.006373
EUSF01356,0.06993405025125628,0.13198368641374245,1.3897709143886807,0.012826
EUSF01862,0.06993405025125628,0.13198368641374245,1.3897709143886807,0.097462
EUSF00961,0.06993405025125628,0.13198368641374245,1.3897709143886807,1e-06
EUSF00960,0.06993405025125628,0.13198368641374245,1.3897709143886807,0.019441
EUSF00963,0.06993405025125628,0.13198368641374245,1.3897709143886807,0.019441
EUSF00962,0.06993405025125628,0.13198368641374245,1.3897709143886807,0.012805
EUSF00965,0.06993405025125628,0.13198368641374245,1.3897709143886807,0.012805
EUSF00966,0.06993405025125628,0.13198368641374245,1.3897709143886807,0.032623
EUSF01377,0.06993405025125628,0.13198368641374245,1.3897709143886807,0.006386
EUSF00589,0.06993405025125628,0.13198368641374245,1.3897709143886807,0.019319
EUSF01096,0.06993405025125628,0.13198368641374245,1.3897709143886807,1e-06
EUSF01970,0.06993405025125628,0.13198368641374245,1.3897709143886807,1e-06
EUSF01449,0.06993405025125628,0.13198368641374245,1.3897709143886807,0.006386
EUSF01448,0.06993405025125628,0.13198368641374245,1.3897709143886807,1e-06
EUSF01323,0.06993405025125628,0.13198368641374245,1.3897709143886807,0.032886
EUSF01324,0.06993405025125628,0.13198368641374245,1.3897709143886807,0.019451
EUSF01325,0.06993405025125628,0.13198368641374245,1.3897709143886807,0.006386
EUSF01326,0.06993405025125628,0.13198368641374245,1.3897709143886807,0.006386
EUSF01328,0.06993405025125628,0.13198368641374245,1.3897709143886807,0.006386
EUSF01440,0.06993405025125628,0.13198368641374245,1.3897709143886807,0.019478
EUSF01881,0.06993405025125628,0.13198368641374245,1.3897709143886807,0.006459
EUSF01880,0.06993405025125628,0.13198368641374245,1.3897709143886807,0.006419
EUSF01883,0.06993405025125628,0.13198368641374245,1.3897709143886807,1.95429
EUSF01882,0.06993405025125628,0.13198368641374245,1.3897709143886807,0.012993
EUSF01966,0.06993405025125628,0.13198368641374245,1.3897709143886807,0.006419
EUSF01967,0.06993405025125628,0.13198368641374245,1.3897709143886807,1.906074
EUSF01964,0.06993405025125628,0.13198368641374245,1.3897709143886807,1e-06
EUSF01965,0.06993405025125628,0.13198368641374245,1.3897709143886807,1e-06
EUSF01962,0.06993405025125628,0.13198368641374245,1.3897709143886807,0.012993
EUSF00581,0.06993405025125628,0.13198368641374245,1.3897709143886807,0.006386
EUSF01960,0.06993405025125628,0.13198368641374245,1.3897709143886807,1e-06
EUSF01961,0.06993405025125628,0.13198368641374245,1.3897709143886807,0.012993
EUSF01904,0.06993405025125628,0.13198368641374245,1.3897709143886807,0.006419
EUSF00629,0.06993405025125628,0.13198368641374245,1.3897709143886807,0.01965
EUSF01718,0.06993405025125628,0.13198368641374245,1.3897709143886807,0.006386
EUSF01906,0.06993405025125628,0.13198368641374245,1.3897709143886807,0.006419
EUSF01871,0.06993405025125628,0.13198368641374245,1.3897709143886807,1e-06
EUSF00864,0.06993405025125628,0.13198368641374245,1.3897709143886807,0.013067
EUSF00865,0.06993405025125628,0.13198368641374245,1.3897709143886807,0.013067
EUSF00866,0.06993405025125628,0.13198368641374245,1.3897709143886807,0.006386
EUSF00867,0.06993405025125628,0.13198368641374245,1.3897709143886807,0.013067
EUSF00860,0.06993405025125628,0.13198368641374245,1.3897709143886807,0.013067
EUSF00861,0.06993405025125628,0.13198368641374245,1.3897709143886807,0.013067
EUSF00862,0.06993405025125628,0.13198368641374245,1.3897709143886807,0.006377
EUSF00863,0.06993405025125628,0.13198368641374245,1.3897709143886807,0.013067
EUSF00868,0.06993405025125628,0.13198368641374245,1.3897709143886807,1e-06
EUSF00869,0.06993405025125628,0.13198368641374245,1.3897709143886807,0.013067
EUSF01716,0.06993405025125628,0.13198368641374245,1.3897709143886807,0.006377
EUSF00560,0.06993405025125628,0.13198368641374245,1.3897709143886807,0.006386
EUSF01711,0.06993405025125628,0.13198368641374245,1.3897709143886807,0.006459
EUSF01681,0.06993405025125628,0.13198368641374245,1.3897709143886807,0.006386
EUSF01592,0.06993405025125628,0.13198368641374245,1.3897709143886807,0.012826
EUSF01713,0.06993405025125628,0.13198368641374245,1.3897709143886807,0.006377
EUSF01176,0.06993405025125628,0.13198368641374245,1.3897709143886807,0.006459
EUSF00782,0.06993405025125628,0.13198368641374245,1.3897709143886807,0.012805
EUSF01814,0.06993405025125628,0.13198368641374245,1.3897709143886807,0.006459
EUSF01214,0.06993405025125628,0.13198368641374245,1.3897709143886807,0.012826
EUSF01215,0.06993405025125628,0.13198368641374245,1.3897709143886807,0.033098
EUSF01217,0.06993405025125628,0.13198368641374245,1.3897709143886807,0.019377
EUSF01210,0.06993405025125628,0.13198368641374245,1.3897709143886807,0.012805
EUSF01211,0.06993405025125628,0.13198368641374245,1.3897709143886807,0.012869
EUSF01212,0.06993405025125628,0.13198368641374245,1.3897709143886807,0.012805
EUSF01213,0.06993405025125628,0.13198368641374245,1.3897709143886807,0.032696
EUSF00613,0.06993405025125628,0.13198368641374245,1.3897709143886807,0.006377
EUSF00612,0.06993405025125628,0.13198368641374245,1.3897709143886807,0.012826
EUSF00611,0.06993405025125628,0.13198368641374245,1.3897709143886807,1e-06
EUSF00617,0.06993405025125628,0.13198368641374245,1.3897709143886807,0.012805
EUSF01219,0.06993405025125628,0.13198368641374245,1.3897709143886807,0.012805
EUSF00615,0.06993405025125628,0.13198368641374245,1.3897709143886807,0.012805
EUSF00591,0.06993405025125628,0.13198368641374245,1.3897709143886807,0.012826
EUSF00592,0.06993405025125628,0.13198368641374245,1.3897709143886807,0.006386
EUSF00593,0.06993405025125628,0.13198368641374245,1.3897709143886807,0.006386
EUSF00594,0.06993405025125628,0.13198368641374245,1.3897709143886807,0.006386
EUSF00595,0.06993405025125628,0.13198368641374245,1.3897709143886807,0.006386
EUSF00597,0.06993405025125628,0.13198368641374245,1.3897709143886807,0.006386
EUSF00599,0.06993405025125628,0.13198368641374245,1.3897709143886807,0.013067
EUSF00670,0.06993405025125628,0.13198368641374245,1.3897709143886807,1e-06
EUSF00811,0.06993405025125628,0.13198368641374245,1.3897709143886807,0.012826
EUSF00810,0.06993405025125628,0.13198368641374245,1.3897709143886807,0.013067
EUSF00812,0.06993405025125628,0.13198368641374245,1.3897709143886807,0.013067
EUSF00815,0.06993405025125628,0.13198368641374245,1.3897709143886807,1e-06
EUSF00814,0.06993405025125628,0.13198368641374245,1.3897709143886807,0.013067
EUSF00817,0.06993405025125628,0.13198368641374245,1.3897709143886807,1e-06
EUSF00816,0.06993405025125628,0.13198368641374245,1.3897709143886807,0.012805
EUSF00819,0.06993405025125628,0.13198368641374245,1.3897709143886807,1e-06
EUSF00818,0.06993405025125628,0.13198368641374245,1.3897709143886807,0.012826
EUSF01245,0.06993405025125628,0.13198368641374245,1.3897709143886807,0.006386
EUSF01108,0.06993405025125628,0.13198368641374245,1.3897709143886807,0.012826
EUSF01109,0.06993405025125628,0.13198368641374245,1.3897709143886807,0.012826
EUSF01061,0.06993405025125628,0.13198368641374245,1.3897709143886807,0.006386
EUSF01060,0.06993405025125628,0.13198368641374245,1.3897709143886807,0.032696
EUSF01067,0.06993405025125628,0.13198368641374245,1.3897709143886807,0.033098
EUSF01066,0.06993405025125628,0.13198368641374245,1.3897709143886807,0.012826
EUSF01065,0.06993405025125628,0.13198368641374245,1.3897709143886807,0.012805
EUSF01064,0.06993405025125628,0.13198368641374245,1.3897709143886807,0.033098
EUSF01100,0.06993405025125628,0.13198368641374245,1.3897709143886807,1e-06
EUSF01101,0.06993405025125628,0.13198368641374245,1.3897709143886807,0.006386
EUSF01102,0.06993405025125628,0.13198368641374245,1.3897709143886807,0.012826
EUSF01068,0.06993405025125628,0.13198368641374245,1.3897709143886807,0.012826
EUSF01104,0.06993405025125628,0.13198368641374245,1.3897709143886807,1e-06
EUSF01106,0.06993405025125628,0.13198368641374245,1.3897709143886807,0.012826
EUSF01107,0.06993405025125628,0.13198368641374245,1.3897709143886807,0.012826
EUSF01261,0.06993405025125628,0.13198368641374245,1.3897709143886807,0.006386
EUSF01260,0.06993405025125628,0.13198368641374245,1.3897709143886807,0.006386
EUSF01263,0.06993405025125628,0.13198368641374245,1.3897709143886807,0.006386
EUSF01262,0.06993405025125628,0.13198368641374245,1.3897709143886807,1e-06
EUSF00832,0.06993405025125628,0.13198368641374245,1.3897709143886807,0.013067
EUSF00769,0.06993405025125628,0.13198368641374245,1.3897709143886807,1e-06
EUSF00768,0.06993405025125628,0.13198368641374245,1.3897709143886807,1e-06
EUSF00767,0.06993405025125628,0.13198368641374245,1.3897709143886807,0.012805
EUSF00766,0.06993405025125628,0.13198368641374245,1.3897709143886807,0.012805
EUSF00765,0.06993405025125628,0.13198368641374245,1.3897709143886807,0.013067
EUSF00764,0.06993405025125628,0.13198368641374245,1.3897709143886807,0.013067
EUSF00763,0.06993405025125628,0.13198368641374245,1.3897709143886807,0.013067
EUSF00762,0.06993405025125628,0.13198368641374245,1.3897709143886807,0.013067
EUSF00761,0.06993405025125628,0.13198368641374245,1.3897709143886807,0.013067
EUSF01027,0.06993405025125628,0.13198368641374245,1.3897709143886807,0.032696
EUSF01248,0.06993405025125628,0.13198368641374245,1.3897709143886807,0.006386
EUSF01338,0.06993405025125628,0.13198368641374245,1.3897709143886807,0.006376
EUSF01409,0.06993405025125628,0.13198368641374245,1.3897709143886807,0.012826
EUSF01534,0.06993405025125628,0.13198368641374245,1.3897709143886807,0.012805
EUSF00925,0.06993405025125628,0.13198368641374245,1.3897709143886807,0.012805
EUSF00924,0.06993405025125628,0.13198368641374245,1.3897709143886807,1e-06
EUSF00888,0.06993405025125628,0.13198368641374245,1.3897709143886807,0.013067
EUSF00889,0.06993405025125628,0.13198368641374245,1.3897709143886807,0.013067
EUSF00921,0.06993405025125628,0.13198368641374245,1.3897709143886807,0.012805
EUSF00920,0.06993405025125628,0.13198368641374245,1.3897709143886807,0.032696
EUSF00923,0.06993405025125628,0.13198368641374245,1.3897709143886807,0.032696
EUSF00882,0.06993405025125628,0.13198368641374245,1.3897709143886807,0.013067
EUSF00883,0.06993405025125628,0.13198368641374245,1.3897709143886807,1e-06
EUSF00880,0.06993405025125628,0.13198368641374245,1.3897709143886807,0.012819
EUSF00881,0.06993405025125628,0.13198368641374245,1.3897709143886807,0.012826
EUSF00929,0.06993405025125628,0.13198368641374245,1.3897709143886807,0.032696
EUSF00887,0.06993405025125628,0.13198368641374245,1.3897709143886807,0.006495
EUSF01429,0.06993405025125628,0.13198368641374245,1.3897709143886807,0.019319
EUSF00885,0.06993405025125628,0.13198368641374245,1.3897709143886807,0.013067
EUSF01547,0.06993405025125628,0.13198368641374245,1.3897709143886807,0.006495
EUSF01021,0.06993405025125628,0.13198368641374245,1.3897709143886807,1.446533
EUSF01364,0.06993405025125628,0.13198368641374245,1.3897709143886807,0.032696
EUSF00691,0.06993405025125628,0.13198368641374245,1.3897709143886807,0.013067
EUSF01361,0.06993405025125628,0.13198368641374245,1.3897709143886807,0.006386
EUSF01536,0.06993405025125628,0.13198368641374245,1.3897709143886807,0.012805
EUSF00760,0.06993405025125628,0.13198368641374245,1.3897709143886807,0.012805
EUSF01400,0.06993405025125628,0.13198368641374245,1.3897709143886807,0.012826
EUSF01402,0.06993405025125628,0.13198368641374245,1.3897709143886807,0.012826
EUSF00838,0.06993405025125628,0.13198368641374245,1.3897709143886807,0.013067
EUSF01063,0.06993405025125628,0.13198368641374245,1.3897709143886807,0.033098
EUSF01408,0.06993405025125628,0.13198368641374245,1.3897709143886807,1e-06
EUSF01531,0.06993405025125628,0.13198368641374245,1.3897709143886807,0.012826
EUSF01688,0.06993405025125628,0.13198368641374245,1.3897709143886807,0.006386
EUSF00569,0.06993405025125628,0.13198368641374245,1.3897709143886807,0.006386
EUSF01062,0.06993405025125628,0.13198368641374245,1.3897709143886807,0.012805
EUSF01098,0.06993405025125628,0.13198368641374245,1.3897709143886807,0.012826
EUSF01947,0.06993405025125628,0.13198368641374245,1.3897709143886807,1e-06
EUSF01319,0.06993405025125628,0.13198368641374245,1.3897709143886807,0.019451
EUSF01318,0.06993405025125628,0.13198368641374245,1.3897709143886807,1e-06
EUSF00783,0.06993405025125628,0.13198368641374245,1.3897709143886807,0.012805
EUSF01310,0.06993405025125628,0.13198368641374245,1.3897709143886807,0.006386
EUSF01313,0.06993405025125628,0.13198368641374245,1.3897709143886807,0.012826
EUSF01312,0.06993405025125628,0.13198368641374245,1.3897709143886807,0.006386
EUSF01315,0.06993405025125628,0.13198368641374245,1.3897709143886807,0.006386
EUSF01314,0.06993405025125628,0.13198368641374245,1.3897709143886807,0.006386
EUSF01089,0.06993405025125628,0.13198368641374245,1.3897709143886807,0.006495
EUSF01088,0.06993405025125628,0.13198368641374245,1.3897709143886807,0.033098
EUSF01081,0.06993405025125628,0.13198368641374245,1.3897709143886807,0.012805
EUSF01080,0.06993405025125628,0.13198368641374245,1.3897709143886807,0.012826
EUSF01083,0.06993405025125628,0.13198368641374245,1.3897709143886807,0.032886
EUSF01082,0.06993405025125628,0.13198368641374245,1.3897709143886807,0.032696
EUSF01085,0.06993405025125628,0.13198368641374245,1.3897709143886807,0.033098
EUSF01084,0.06993405025125628,0.13198368641374245,1.3897709143886807,1e-06
EUSF01087,0.06993405025125628,0.13198368641374245,1.3897709143886807,0.012805
EUSF01086,0.06993405025125628,0.13198368641374245,1.3897709143886807,0.006386
EUSF01856,0.06993405025125628,0.13198368641374245,1.3897709143886807,1e-06
EUSF01857,0.06993405025125628,0.13198368641374245,1.3897709143886807,1e-06
EUSF01854,0.06993405025125628,0.13198368641374245,1.3897709143886807,1e-06
EUSF01114,0.06993405025125628,0.13198368641374245,1.3897709143886807,0.012826
EUSF01852,0.06993405025125628,0.13198368641374245,1.3897709143886807,1e-06
EUSF01853,0.06993405025125628,0.13198368641374245,1.3897709143886807,0.006419
EUSF01918,0.06993405025125628,0.13198368641374245,1.3897709143886807,0.006459
EUSF01113,0.06993405025125628,0.13198368641374245,1.3897709143886807,0.012826
EUSF01915,0.06993405025125628,0.13198368641374245,1.3897709143886807,0.006419
EUSF01914,0.06993405025125628,0.13198368641374245,1.3897709143886807,0.006419
EUSF01912,0.06993405025125628,0.13198368641374245,1.3897709143886807,0.006419
EUSF01859,0.06993405025125628,0.13198368641374245,1.3897709143886807,1e-06
EUSF00791,0.06993405025125628,0.13198368641374245,1.3897709143886807,0.012805
EUSF01864,0.06993405025125628,0.13198368641374245,1.3897709143886807,0.006419
EUSF01869,0.06993405025125628,0.13198368641374245,1.3897709143886807,1e-06
EUSF00994,0.06993405025125628,0.13198368641374245,1.3897709143886807,0.012805
EUSF00995,0.06993405025125628,0.13198368641374245,1.3897709143886807,1e-06
EUSF00996,0.06993405025125628,0.13198368641374245,1.3897709143886807,0.032696
EUSF00997,0.06993405025125628,0.13198368641374245,1.3897709143886807,0.032696
EUSF00991,0.06993405025125628,0.13198368641374245,1.3897709143886807,0.019478
EUSF00992,0.06993405025125628,0.13198368641374245,1.3897709143886807,0.012805
EUSF00753,0.06993405025125628,0.13198368641374245,1.3897709143886807,0.012826
EUSF00854,0.06993405025125628,0.13198368641374245,1.3897709143886807,0.013067
EUSF00857,0.06993405025125628,0.13198368641374245,1.3897709143886807,0.013067
EUSF00856,0.06993405025125628,0.13198368641374245,1.3897709143886807,0.006495
EUSF00998,0.06993405025125628,0.13198368641374245,1.3897709143886807,0.032696
EUSF00850,0.06993405025125628,0.13198368641374245,1.3897709143886807,0.013067
EUSF00853,0.06993405025125628,0.13198368641374245,1.3897709143886807,0.013067
EUSF00852,0.06993405025125628,0.13198368641374245,1.3897709143886807,0.012826
EUSF01190,0.06993405025125628,0.13198368641374245,1.3897709143886807,0.006459
EUSF01544,0.06993405025125628,0.13198368641374245,1.3897709143886807,0.032886
EUSF01169,0.06993405025125628,0.13198368641374245,1.3897709143886807,0.006459
EUSF00542,0.06993405025125628,0.13198368641374245,1.3897709143886807,1e-06
EUSF00547,0.06993405025125628,0.13198368641374245,1.3897709143886807,0.006386
EUSF01119,0.06993405025125628,0.13198368641374245,1.3897709143886807,0.012826
EUSF00544,0.06993405025125628,0.13198368641374245,1.3897709143886807,1e-06
EUSF00549,0.06993405025125628,0.13198368641374245,1.3897709143886807,0.012826
EUSF00548,0.06993405025125628,0.13198368641374245,1.3897709143886807,0.012826
EUSF01632,0.06993405025125628,0.13198368641374245,1.3897709143886807,0.006386
EUSF01633,0.06993405025125628,0.13198368641374245,1.3897709143886807,0.019319
EUSF00729,0.06993405025125628,0.13198368641374245,1.3897709143886807,1e-06
EUSF01631,0.06993405025125628,0.13198368641374245,1.3897709143886807,0.013067
EUSF01229,0.06993405025125628,0.13198368641374245,1.3897709143886807,0.006495
EUSF01228,0.06993405025125628,0.13198368641374245,1.3897709143886807,1e-06
EUSF01143,0.06993405025125628,0.13198368641374245,1.3897709143886807,0.012826
EUSF00723,0.06993405025125628,0.13198368641374245,1.3897709143886807,0.013067
EUSF00722,0.06993405025125628,0.13198368641374245,1.3897709143886807,1e-06
EUSF00721,0.06993405025125628,0.13198368641374245,1.3897709143886807,1e-06
EUSF00720,0.06993405025125628,0.13198368641374245,1.3897709143886807,1e-06
EUSF00727,0.06993405025125628,0.13198368641374245,1.3897709143886807,1e-06
EUSF00726,0.06993405025125628,0.13198368641374245,1.3897709143886807,0.033098
EUSF00725,0.06993405025125628,0.13198368641374245,1.3897709143886807,1e-06
EUSF01222,0.06993405025125628,0.13198368641374245,1.3897709143886807,1e-06
EUSF00640,0.06993405025125628,0.13198368641374245,1.3897709143886807,0.033098
EUSF00642,0.06993405025125628,0.13198368641374245,1.3897709143886807,0.032886
EUSF00643,0.06993405025125628,0.13198368641374245,1.3897709143886807,0.032696
EUSF00644,0.06993405025125628,0.13198368641374245,1.3897709143886807,0.032696
EUSF00645,0.06993405025125628,0.13198368641374245,1.3897709143886807,0.012805
EUSF00646,0.06993405025125628,0.13198368641374245,1.3897709143886807,0.032696
EUSF00648,0.06993405025125628,0.13198368641374245,1.3897709143886807,0.033098
EUSF00649,0.06993405025125628,0.13198368641374245,1.3897709143886807,1e-06
EUSF01161,0.06993405025125628,0.13198368641374245,1.3897709143886807,0.006495
EUSF00704,0.06993405025125628,0.13198368641374245,1.3897709143886807,0.006386
EUSF00707,0.06993405025125628,0.13198368641374245,1.3897709143886807,0.012826
EUSF00964,0.06993405025125628,0.13198368641374245,1.3897709143886807,1e-06
EUSF00908,0.06993405025125628,0.13198368641374245,1.3897709143886807,1e-06
EUSF00967,0.06993405025125628,0.13198368641374245,1.3897709143886807,0.012805
EUSF00799,0.06993405025125628,0.13198368641374245,1.3897709143886807,0.013067
EUSF00796,0.06993405025125628,0.13198368641374245,1.3897709143886807,0.032696
EUSF01707,0.06993405025125628,0.13198368641374245,1.3897709143886807,0.032696
EUSF01704,0.06993405025125628,0.13198368641374245,1.3897709143886807,0.012826
EUSF00795,0.06993405025125628,0.13198368641374245,1.3897709143886807,0.013067
EUSF00792,0.06993405025125628,0.13198368641374245,1.3897709143886807,0.019441
EUSF00793,0.06993405025125628,0.13198368641374245,1.3897709143886807,1e-06
EUSF00790,0.06993405025125628,0.13198368641374245,1.3897709143886807,1e-06
EUSF01701,0.06993405025125628,0.13198368641374245,1.3897709143886807,0.012805
EUSF01038,0.06993405025125628,0.13198368641374245,1.3897709143886807,0.012819
EUSF01039,0.06993405025125628,0.13198368641374245,1.3897709143886807,1e-06
EUSF00703,0.06993405025125628,0.13198368641374245,1.3897709143886807,1e-06
EUSF01606,0.06993405025125628,0.13198368641374245,1.3897709143886807,0.012826
EUSF01030,0.06993405025125628,0.13198368641374245,1.3897709143886807,0.006386
EUSF01031,0.06993405025125628,0.13198368641374245,1.3897709143886807,0.012826
EUSF01032,0.06993405025125628,0.13198368641374245,1.3897709143886807,0.006386
EUSF01033,0.06993405025125628,0.13198368641374245,1.3897709143886807,0.012826
EUSF01034,0.06993405025125628,0.13198368641374245,1.3897709143886807,0.013067
EUSF01036,0.06993405025125628,0.13198368641374245,1.3897709143886807,1e-06
EUSF01037,0.06993405025125628,0.13198368641374245,1.3897709143886807,0.012826
EUSF01526,0.06993405025125628,0.13198368641374245,1.3897709143886807,1e-06
EUSF01527,0.06993405025125628,0.13198368641374245,1.3897709143886807,0.012805
EUSF01524,0.06993405025125628,0.13198368641374245,1.3897709143886807,0.012805
EUSF01525,0.06993405025125628,0.13198368641374245,1.3897709143886807,0.012805
EUSF01135,0.06993405025125628,0.13198368641374245,1.3897709143886807,0.012826
EUSF01523,0.06993405025125628,0.13198368641374245,1.3897709143886807,0.012826
EUSF01689,0.06993405025125628,0.13198368641374245,1.3897709143886807,0.019408
EUSF01521,0.06993405025125628,0.13198368641374245,1.3897709143886807,1e-06
EUSF01687,0.06993405025125628,0.13198368641374245,1.3897709143886807,0.025935
EUSF01686,0.06993405025125628,0.13198368641374245,1.3897709143886807,0.006355
EUSF01685,0.06993405025125628,0.13198368641374245,1.3897709143886807,1e-06
EUSF01684,0.06993405025125628,0.13198368641374245,1.3897709143886807,0.012826
EUSF01683,0.06993405025125628,0.13198368641374245,1.3897709143886807,0.012826
EUSF01682,0.06993405025125628,0.13198368641374245,1.3897709143886807,0.012826
EUSF01528,0.06993405025125628,0.13198368641374245,1.3897709143886807,0.012819
EUSF01529,0.06993405025125628,0.13198368641374245,1.3897709143886807,0.012826
EUSF01593,0.06993405025125628,0.13198368641374245,1.3897709143886807,0.012805
EUSF01280,0.06993405025125628,0.13198368641374245,1.3897709143886807,0.006386
EUSF01238,0.06993405025125628,0.13198368641374245,1.3897709143886807,0.006386
EUSF00951,0.06993405025125628,0.13198368641374245,1.3897709143886807,1e-06
EUSF00709,0.06993405025125628,0.13198368641374245,1.3897709143886807,0.006386
EUSF01239,0.06993405025125628,0.13198368641374245,1.3897709143886807,0.006386
EUSF01591,0.06993405025125628,0.13198368641374245,1.3897709143886807,0.012826
EUSF00596,0.06993405025125628,0.13198368641374245,1.3897709143886807,0.006386
EUSF00667,0.06993405025125628,0.13198368641374245,1.3897709143886807,0.033098
EUSF00734,0.06993405025125628,0.13198368641374245,1.3897709143886807,0.013067
EUSF01590,0.06993405025125628,0.13198368641374245,1.3897709143886807,0.012826
EUSF01249,0.06993405025125628,0.13198368641374245,1.3897709143886807,1e-06
EUSF00972,0.06993405025125628,0.13198368641374245,1.3897709143886807,0.006386
EUSF00973,0.06993405025125628,0.13198368641374245,1.3897709143886807,0.012805
EUSF00970,0.06993405025125628,0.13198368641374245,1.3897709143886807,0.012805
EUSF00971,0.06993405025125628,0.13198368641374245,1.3897709143886807,0.01964
EUSF00976,0.06993405025125628,0.13198368641374245,1.3897709143886807,0.032696
EUSF00736,0.06993405025125628,0.13198368641374245,1.3897709143886807,0.013067
EUSF00974,0.06993405025125628,0.13198368641374245,1.3897709143886807,0.012805
EUSF00975,0.06993405025125628,0.13198368641374245,1.3897709143886807,0.006386
EUSF00737,0.06993405025125628,0.13198368641374245,1.3897709143886807,0.013067
EUSF01595,0.06993405025125628,0.13198368641374245,1.3897709143886807,0.013067
EUSF01232,0.06993405025125628,0.13198368641374245,1.3897709143886807,1e-06
EUSF00957,0.06993405025125628,0.13198368641374245,1.3897709143886807,1e-06
EUSF00909,0.06993405025125628,0.13198368641374245,1.3897709143886807,0.012805
EUSF00731,0.06993405025125628,0.13198368641374245,1.3897709143886807,0.013067
EUSF01355,0.06993405025125628,0.13198368641374245,1.3897709143886807,0.032696
EUSF01354,0.06993405025125628,0.13198368641374245,1.3897709143886807,0.006386
EUSF01459,0.06993405025125628,0.13198368641374245,1.3897709143886807,0.013067
EUSF01351,0.06993405025125628,0.13198368641374245,1.3897709143886807,0.012805
EUSF01350,0.06993405025125628,0.13198368641374245,1.3897709143886807,0.006386
EUSF00890,0.06993405025125628,0.13198368641374245,1.3897709143886807,0.012826
EUSF01452,0.06993405025125628,0.13198368641374245,1.3897709143886807,0.006377
EUSF01450,0.06993405025125628,0.13198368641374245,1.3897709143886807,1e-06
EUSF01451,0.06993405025125628,0.13198368641374245,1.3897709143886807,1e-06
EUSF01456,0.06993405025125628,0.13198368641374245,1.3897709143886807,0.012821
EUSF00893,0.06993405025125628,0.13198368641374245,1.3897709143886807,0.019377
EUSF01320,0.06993405025125628,0.13198368641374245,1.3897709143886807,1e-06
EUSF01959,0.06993405025125628,0.13198368641374245,1.3897709143886807,1e-06
EUSF00892,0.06993405025125628,0.13198368641374245,1.3897709143886807,0.013067
EUSF00634,0.06993405025125628,0.13198368641374245,1.3897709143886807,0.033098
EUSF01953,0.06993405025125628,0.13198368641374245,1.3897709143886807,0.006419
EUSF01952,0.06993405025125628,0.13198368641374245,1.3897709143886807,1e-06
EUSF01951,0.06993405025125628,0.13198368641374245,1.3897709143886807,0.012993
EUSF00899,0.06993405025125628,0.13198368641374245,1.3897709143886807,1e-06
EUSF01957,0.06993405025125628,0.13198368641374245,1.3897709143886807,1e-06
EUSF01956,0.06993405025125628,0.13198368641374245,1.3897709143886807,0.019525
EUSF01955,0.06993405025125628,0.13198368641374245,1.3897709143886807,0.006419
EUSF01954,0.06993405025125628,0.13198368641374245,1.3897709143886807,0.01965
EUSF01152,0.06993405025125628,0.13198368641374245,1.3897709143886807,0.032696
EUSF00897,0.06993405025125628,0.13198368641374245,1.3897709143886807,0.033098
EUSF01617,0.06993405025125628,0.13198368641374245,1.3897709143886807,1e-06
EUSF00955,0.06993405025125628,0.13198368641374245,1.3897709143886807,0.006386
EUSF00999,0.06993405025125628,0.13198368641374245,1.3897709143886807,0.032696
EUSF00906,0.06993405025125628,0.13198368641374245,1.3897709143886807,0.032696
EUSF01441,0.06993405025125628,0.13198368641374245,1.3897709143886807,1e-06
EUSF01329,0.06993405025125628,0.13198368641374245,1.3897709143886807,0.012826
EUSF00609,0.06993405025125628,0.13198368641374245,1.3897709143886807,0.012826
EUSF01118,0.06993405025125628,0.13198368641374245,1.3897709143886807,0.032886
EUSF00743,0.06993405025125628,0.13198368641374245,1.3897709143886807,0.013067
EUSF00990,0.06993405025125628,0.13198368641374245,1.3897709143886807,0.032696
EUSF01855,0.06993405025125628,0.13198368641374245,1.3897709143886807,0.006419
EUSF00545,0.06993405025125628,0.13198368641374245,1.3897709143886807,1e-06
EUSF01958,0.06993405025125628,0.13198368641374245,1.3897709143886807,1e-06
EUSF00608,0.06993405025125628,0.13198368641374245,1.3897709143886807,0.012819
EUSF01919,0.06993405025125628,0.13198368641374245,1.3897709143886807,0.006459
EUSF00604,0.06993405025125628,0.13198368641374245,1.3897709143886807,0.032696
EUSF00605,0.06993405025125628,0.13198368641374245,1.3897709143886807,1e-06
EUSF00606,0.06993405025125628,0.13198368641374245,1.3897709143886807,0.006495
EUSF00607,0.06993405025125628,0.13198368641374245,1.3897709143886807,0.012805
EUSF00600,0.06993405025125628,0.13198368641374245,1.3897709143886807,1e-06
EUSF00601,0.06993405025125628,0.13198368641374245,1.3897709143886807,0.033098
EUSF00602,0.06993405025125628,0.13198368641374245,1.3897709143886807,0.033098
EUSF00603,0.06993405025125628,0.13198368641374245,1.3897709143886807,0.012805
EUSF01258,0.06993405025125628,0.13198368641374245,1.3897709143886807,0.006386
EUSF01916,0.06993405025125628,0.13198368641374245,1.3897709143886807,0.006459
EUSF00958,0.06993405025125628,0.13198368641374245,1.3897709143886807,0.032696
EUSF00802,0.06993405025125628,0.13198368641374245,1.3897709143886807,0.013067
EUSF00803,0.06993405025125628,0.13198368641374245,1.3897709143886807,1e-06
EUSF00801,0.06993405025125628,0.13198368641374245,1.3897709143886807,1e-06
EUSF00806,0.06993405025125628,0.13198368641374245,1.3897709143886807,0.013067
EUSF00807,0.06993405025125628,0.13198368641374245,1.3897709143886807,0.013067
EUSF01103,0.06993405025125628,0.13198368641374245,1.3897709143886807,0.012826
EUSF00805,0.06993405025125628,0.13198368641374245,1.3897709143886807,1e-06
EUSF01913,0.06993405025125628,0.13198368641374245,1.3897709143886807,0.006419
EUSF00809,0.06993405025125628,0.13198368641374245,1.3897709143886807,0.01939
EUSF00518,0.06993405025125628,0.13198368641374245,1.3897709143886807,0.006386
EUSF00692,0.06993405025125628,0.13198368641374245,1.3897709143886807,1e-06
EUSF00690,0.06993405025125628,0.13198368641374245,1.3897709143886807,0.032696
EUSF00697,0.06993405025125628,0.13198368641374245,1.3897709143886807,0.032696
EUSF01858,0.06993405025125628,0.13198368641374245,1.3897709143886807,1e-06
EUSF00695,0.06993405025125628,0.13198368641374245,1.3897709143886807,1e-06
EUSF00694,0.06993405025125628,0.13198368641374245,1.3897709143886807,0.013067
EUSF00959,0.06993405025125628,0.13198368641374245,1.3897709143886807,0.012805
EUSF01619,0.06993405025125628,0.13198368641374245,1.3897709143886807,0.01955
EUSF01910,0.06993405025125628,0.13198368641374245,1.3897709143886807,0.006419
EUSF00514,0.06993405025125628,0.13198368641374245,1.3897709143886807,0.013067
EUSF00515,0.06993405025125628,0.13198368641374245,1.3897709143886807,0.006386
EUSF00516,0.06993405025125628,0.13198368641374245,1.3897709143886807,0.012826
EUSF00517,0.06993405025125628,0.13198368641374245,1.3897709143886807,0.006386
EUSF01074,0.06993405025125628,0.13198368641374245,1.3897709143886807,0.032696
EUSF01075,0.06993405025125628,0.13198368641374245,1.3897709143886807,1e-06
EUSF01076,0.06993405025125628,0.13198368641374245,1.3897709143886807,0.033098
EUSF01077,0.06993405025125628,0.13198368641374245,1.3897709143886807,0.019377
EUSF01070,0.06993405025125628,0.13198368641374245,1.3897709143886807,0.013067
EUSF01071,0.06993405025125628,0.13198368641374245,1.3897709143886807,0.013067
EUSF01072,0.06993405025125628,0.13198368641374245,1.3897709143886807,0.013067
EUSF01073,0.06993405025125628,0.13198368641374245,1.3897709143886807,0.032696
EUSF01175,0.06993405025125628,0.13198368641374245,1.3897709143886807,0.012826
EUSF01174,0.06993405025125628,0.13198368641374245,1.3897709143886807,0.012826
EUSF01177,0.06993405025125628,0.13198368641374245,1.3897709143886807,0.006459
EUSF01171,0.06993405025125628,0.13198368641374245,1.3897709143886807,1e-06
EUSF01170,0.06993405025125628,0.13198368641374245,1.3897709143886807,0.006459
EUSF01173,0.06993405025125628,0.13198368641374245,1.3897709143886807,0.006459
EUSF01172,0.06993405025125628,0.13198368641374245,1.3897709143886807,0.006459
EUSF01272,0.06993405025125628,0.13198368641374245,1.3897709143886807,0.006386
EUSF00678,0.06993405025125628,0.13198368641374245,1.3897709143886807,1e-06
EUSF01270,0.06993405025125628,0.13198368641374245,1.3897709143886807,0.006386
EUSF01271,0.06993405025125628,0.13198368641374245,1.3897709143886807,0.006386
EUSF00774,0.06993405025125628,0.13198368641374245,1.3897709143886807,0.032696
EUSF00775,0.06993405025125628,0.13198368641374245,1.3897709143886807,0.013067
EUSF00776,0.06993405025125628,0.13198368641374245,1.3897709143886807,0.013067
EUSF00777,0.06993405025125628,0.13198368641374245,1.3897709143886807,0.006386
EUSF00671,0.06993405025125628,0.13198368641374245,1.3897709143886807,0.013067
EUSF00779,0.06993405025125628,0.13198368641374245,1.3897709143886807,0.013067
EUSF00673,0.06993405025125628,0.13198368641374245,1.3897709143886807,1e-06
EUSF00672,0.06993405025125628,0.13198368641374245,1.3897709143886807,0.006386
EUSF00675,0.06993405025125628,0.13198368641374245,1.3897709143886807,0.012805
EUSF00674,0.06993405025125628,0.13198368641374245,1.3897709143886807,1e-06
EUSF00677,0.06993405025125628,0.13198368641374245,1.3897709143886807,0.006495
EUSF00676,0.06993405025125628,0.13198368641374245,1.3897709143886807,0.006373
EUSF01105,0.06993405025125628,0.13198368641374245,1.3897709143886807,0.032696
EUSF01090,0.06993405025125628,0.13198368641374245,1.3897709143886807,0.012826
EUSF00936,0.06993405025125628,0.13198368641374245,1.3897709143886807,0.012805
EUSF00937,0.06993405025125628,0.13198368641374245,1.3897709143886807,0.019425
EUSF00935,0.06993405025125628,0.13198368641374245,1.3897709143886807,1e-06
EUSF00933,0.06993405025125628,0.13198368641374245,1.3897709143886807,0.019441
EUSF01679,0.06993405025125628,0.13198368641374245,1.3897709143886807,1e-06
EUSF01608,0.06993405025125628,0.13198368641374245,1.3897709143886807,0.019687
EUSF00938,0.06993405025125628,0.13198368641374245,1.3897709143886807,1e-06
EUSF01395,0.06993405025125628,0.13198368641374245,1.3897709143886807,0.012826
EUSF01394,0.06993405025125628,0.13198368641374245,1.3897709143886807,0.012826
EUSF01396,0.06993405025125628,0.13198368641374245,1.3897709143886807,1e-06
EUSF00800,0.06993405025125628,0.13198368641374245,1.3897709143886807,0.013067
EUSF01001,0.06993405025125628,0.13198368641374245,1.3897709143886807,0.032696
EUSF01000,0.06993405025125628,0.13198368641374245,1.3897709143886807,0.032696
EUSF01003,0.06993405025125628,0.13198368641374245,1.3897709143886807,0.032696
EUSF01183,0.06993405025125628,0.13198368641374245,1.3897709143886807,0.012826
EUSF01005,0.06993405025125628,0.13198368641374245,1.3897709143886807,0.026592
EUSF01004,0.06993405025125628,0.13198368641374245,1.3897709143886807,0.032696
EUSF01007,0.06993405025125628,0.13198368641374245,1.3897709143886807,0.012961
EUSF01006,0.06993405025125628,0.13198368641374245,1.3897709143886807,0.032696
EUSF01009,0.06993405025125628,0.13198368641374245,1.3897709143886807,0.032696
EUSF01008,0.06993405025125628,0.13198368641374245,1.3897709143886807,0.012805
EUSF01419,0.06993405025125628,0.13198368641374245,1.3897709143886807,0.019319
EUSF01517,0.06993405025125628,0.13198368641374245,1.3897709143886807,0.012826
EUSF01540,0.06993405025125628,0.13198368641374245,1.3897709143886807,1e-06
EUSF00804,0.06993405025125628,0.13198368641374245,1.3897709143886807,0.013067
EUSF00659,0.06993405025125628,0.13198368641374245,1.3897709143886807,0.012827
EUSF01541,0.06993405025125628,0.13198368641374245,1.3897709143886807,0.006495
EUSF01542,0.06993405025125628,0.13198368641374245,1.3897709143886807,0.033098
EUSF00983,0.06993405025125628,0.13198368641374245,1.3897709143886807,1e-06
EUSF01968,0.06993405025125628,0.13198368641374245,1.3897709143886807,0.006419
EUSF00859,0.06993405025125628,0.13198368641374245,1.3897709143886807,1e-06
EUSF01543,0.06993405025125628,0.13198368641374245,1.3897709143886807,1e-06
EUSF00808,0.06993405025125628,0.13198368641374245,1.3897709143886807,0.012826
EUSF01545,0.06993405025125628,0.13198368641374245,1.3897709143886807,1e-06
EUSF01702,0.06993405025125628,0.13198368641374245,1.3897709143886807,1e-06
EUSF01546,0.06993405025125628,0.13198368641374245,1.3897709143886807,0.033098
EUSF00851,0.06993405025125628,0.13198368641374245,1.3897709143886807,0.012829
EUSF00993,0.06993405025125628,0.13198368641374245,1.3897709143886807,0.012805
EUSF01548,0.06993405025125628,0.13198368641374245,1.3897709143886807,0.012805
EUSF01309,0.06993405025125628,0.13198368641374245,1.3897709143886807,0.006386
EUSF01302,0.06993405025125628,0.13198368641374245,1.3897709143886807,0.012826
EUSF01300,0.06993405025125628,0.13198368641374245,1.3897709143886807,0.006386
EUSF01301,0.06993405025125628,0.13198368641374245,1.3897709143886807,0.006386
EUSF01306,0.06993405025125628,0.13198368641374245,1.3897709143886807,0.006386
EUSF01307,0.06993405025125628,0.13198368641374245,1.3897709143886807,0.006386
EUSF01304,0.06993405025125628,0.13198368641374245,1.3897709143886807,0.012826
EUSF01305,0.06993405025125628,0.13198368641374245,1.3897709143886807,0.012826
EUSF00693,0.06993405025125628,0.13198368641374245,1.3897709143886807,1e-06
EUSF01868,0.06993405025125628,0.13198368641374245,1.3897709143886807,1e-06
EUSF00519,0.06993405025125628,0.13198368641374245,1.3897709143886807,0.012826
EUSF01863,0.06993405025125628,0.13198368641374245,1.3897709143886807,0.006459
EUSF01093,0.06993405025125628,0.13198368641374245,1.3897709143886807,0.006386
EUSF01861,0.06993405025125628,0.13198368641374245,1.3897709143886807,0.012993
EUSF01860,0.06993405025125628,0.13198368641374245,1.3897709143886807,0.006459
EUSF01867,0.06993405025125628,0.13198368641374245,1.3897709143886807,1e-06
EUSF01097,0.06993405025125628,0.13198368641374245,1.3897709143886807,0.012826
EUSF01094,0.06993405025125628,0.13198368641374245,1.3897709143886807,0.006386
EUSF01095,0.06993405025125628,0.13198368641374245,1.3897709143886807,0.032623
EUSF01950,0.06993405025125628,0.13198368641374245,1.3897709143886807,0.012993
EUSF01905,0.06993405025125628,0.13198368641374245,1.3897709143886807,0.01965
EUSF01139,0.06993405025125628,0.13198368641374245,1.3897709143886807,0.012826
EUSF01044,0.06993405025125628,0.13198368641374245,1.3897709143886807,0.032696
EUSF01908,0.06993405025125628,0.13198368641374245,1.3897709143886807,0.006459
EUSF01909,0.06993405025125628,0.13198368641374245,1.3897709143886807,0.006419
EUSF00696,0.06993405025125628,0.13198368641374245,1.3897709143886807,1e-06
EUSF00521,0.06993405025125628,0.13198368641374245,1.3897709143886807,0.012826
EUSF01078,0.06993405025125628,0.13198368641374245,1.3897709143886807,1e-06
EUSF00523,0.06993405025125628,0.13198368641374245,1.3897709143886807,0.006386
EUSF00522,0.06993405025125628,0.13198368641374245,1.3897709143886807,0.032696
EUSF00525,0.06993405025125628,0.13198368641374245,1.3897709143886807,0.006386
EUSF00524,0.06993405025125628,0.13198368641374245,1.3897709143886807,0.012826
EUSF00527,0.06993405025125628,0.13198368641374245,1.3897709143886807,0.013067
EUSF00526,0.06993405025125628,0.13198368641374245,1.3897709143886807,0.012826
EUSF00529,0.06993405025125628,0.13198368641374245,1.3897709143886807,0.013067
EUSF00528,0.06993405025125628,0.13198368641374245,1.3897709143886807,0.006495
EUSF01138,0.06993405025125628,0.13198368641374245,1.3897709143886807,0.012826
EUSF00848,0.06993405025125628,0.13198368641374245,1.3897709143886807,0.013067
EUSF00846,0.06993405025125628,0.13198368641374245,1.3897709143886807,0.012826
EUSF00847,0.06993405025125628,0.13198368641374245,1.3897709143886807,0.006386
EUSF00844,0.06993405025125628,0.13198368641374245,1.3897709143886807,0.012829
EUSF00845,0.06993405025125628,0.13198368641374245,1.3897709143886807,0.013067
EUSF00842,0.06993405025125628,0.13198368641374245,1.3897709143886807,1e-06
EUSF00843,0.06993405025125628,0.13198368641374245,1.3897709143886807,0.006377
EUSF00840,0.06993405025125628,0.13198368641374245,1.3897709143886807,0.006386
EUSF00841,0.06993405025125628,0.13198368641374245,1.3897709143886807,0.01965
EUSF01122,0.06993405025125628,0.13198368641374245,1.3897709143886807,0.012826
EUSF01200,0.06993405025125628,0.13198368641374245,1.3897709143886807,0.006459
EUSF01715,0.06993405025125628,0.13198368641374245,1.3897709143886807,0.032696
EUSF00748,0.06993405025125628,0.13198368641374245,1.3897709143886807,0.012826
EUSF00738,0.06993405025125628,0.13198368641374245,1.3897709143886807,0.013067
EUSF00554,0.06993405025125628,0.13198368641374245,1.3897709143886807,0.012826
EUSF00555,0.06993405025125628,0.13198368641374245,1.3897709143886807,0.006386
EUSF00556,0.06993405025125628,0.13198368641374245,1.3897709143886807,0.006373
EUSF00557,0.06993405025125628,0.13198368641374245,1.3897709143886807,0.012826
EUSF00550,0.06993405025125628,0.13198368641374245,1.3897709143886807,0.012826
EUSF00551,0.06993405025125628,0.13198368641374245,1.3897709143886807,1e-06
EUSF00552,0.06993405025125628,0.13198368641374245,1.3897709143886807,1e-06
EUSF00553,0.06993405025125628,0.13198368641374245,1.3897709143886807,0.012826
EUSF01602,0.06993405025125628,0.13198368641374245,1.3897709143886807,1e-06
EUSF01694,0.06993405025125628,0.13198368641374245,1.3897709143886807,0.019441
EUSF00558,0.06993405025125628,0.13198368641374245,1.3897709143886807,0.006386
EUSF00559,0.06993405025125628,0.13198368641374245,1.3897709143886807,0.006386
EUSF01127,0.06993405025125628,0.13198368641374245,1.3897709143886807,0.012826
EUSF01607,0.06993405025125628,0.13198368641374245,1.3897709143886807,0.012826
EUSF01714,0.06993405025125628,0.13198368641374245,1.3897709143886807,0.032696
EUSF01605,0.06993405025125628,0.13198368641374245,1.3897709143886807,0.012826
EUSF01604,0.06993405025125628,0.13198368641374245,1.3897709143886807,0.012826
EUSF01603,0.06993405025125628,0.13198368641374245,1.3897709143886807,0.006386
EUSF01601,0.06993405025125628,0.13198368641374245,1.3897709143886807,0.012826
EUSF01600,0.06993405025125628,0.13198368641374245,1.3897709143886807,0.012826
EUSF00739,0.06993405025125628,0.13198368641374245,1.3897709143886807,0.013067
EUSF01237,0.06993405025125628,0.13198368641374245,1.3897709143886807,0.006386
EUSF01234,0.06993405025125628,0.13198368641374245,1.3897709143886807,0.006386
EUSF01235,0.06993405025125628,0.13198368641374245,1.3897709143886807,0.006386
EUSF00730,0.06993405025125628,0.13198368641374245,1.3897709143886807,0.006495
EUSF01233,0.06993405025125628,0.13198368641374245,1.3897709143886807,0.006386
EUSF01609,0.06993405025125628,0.13198368641374245,1.3897709143886807,0.012826
EUSF00733,0.06993405025125628,0.13198368641374245,1.3897709143886807,1e-06
EUSF00635,0.06993405025125628,0.13198368641374245,1.3897709143886807,0.032696
EUSF01698,0.06993405025125628,0.13198368641374245,1.3897709143886807,1e-06
EUSF00637,0.06993405025125628,0.13198368641374245,1.3897709143886807,0.012805
EUSF00636,0.06993405025125628,0.13198368641374245,1.3897709143886807,0.033098
EUSF00631,0.06993405025125628,0.13198368641374245,1.3897709143886807,0.012805
EUSF00630,0.06993405025125628,0.13198368641374245,1.3897709143886807,0.032696
EUSF00633,0.06993405025125628,0.13198368641374245,1.3897709143886807,0.012805
EUSF00632,0.06993405025125628,0.13198368641374245,1.3897709143886807,1e-06
EUSF01179,0.06993405025125628,0.13198368641374245,1.3897709143886807,0.006459
EUSF00639,0.06993405025125628,0.13198368641374245,1.3897709143886807,0.032696
EUSF00638,0.06993405025125628,0.13198368641374245,1.3897709143886807,0.006495
EUSF01717,0.06993405025125628,0.13198368641374245,1.3897709143886807,0.006386
EUSF00543,0.06993405025125628,0.13198368641374245,1.3897709143886807,0.012826
EUSF01597,0.06993405025125628,0.13198368641374245,1.3897709143886807,0.012826
EUSF00758,0.06993405025125628,0.13198368641374245,1.3897709143886807,0.012819
EUSF01618,0.06993405025125628,0.13198368641374245,1.3897709143886807,0.019377
EUSF00541,0.06993405025125628,0.13198368641374245,1.3897709143886807,1e-06
EUSF00540,0.06993405025125628,0.13198368641374245,1.3897709143886807,1e-06
EUSF00652,0.06993405025125628,0.13198368641374245,1.3897709143886807,0.032696
EUSF00546,0.06993405025125628,0.13198368641374245,1.3897709143886807,0.032886
EUSF01518,0.06993405025125628,0.13198368641374245,1.3897709143886807,0.006419
EUSF01049,0.06993405025125628,0.13198368641374245,1.3897709143886807,0.019537
EUSF01048,0.06993405025125628,0.13198368641374245,1.3897709143886807,0.012805
EUSF01045,0.06993405025125628,0.13198368641374245,1.3897709143886807,0.032696
EUSF01614,0.06993405025125628,0.13198368641374245,1.3897709143886807,1e-06
EUSF01046,0.06993405025125628,0.13198368641374245,1.3897709143886807,0.012805
EUSF01041,0.06993405025125628,0.13198368641374245,1.3897709143886807,0.032696
EUSF01040,0.06993405025125628,0.13198368641374245,1.3897709143886807,0.012826
EUSF01043,0.06993405025125628,0.13198368641374245,1.3897709143886807,0.012805
EUSF01042,0.06993405025125628,0.13198368641374245,1.3897709143886807,0.012805
EUSF01690,0.06993405025125628,0.13198368641374245,1.3897709143886807,0.025935
EUSF01123,0.06993405025125628,0.13198368641374245,1.3897709143886807,0.032886
EUSF01120,0.06993405025125628,0.13198368641374245,1.3897709143886807,0.012826
EUSF01121,0.06993405025125628,0.13198368641374245,1.3897709143886807,0.012805
EUSF01126,0.06993405025125628,0.13198368641374245,1.3897709143886807,0.032696
EUSF01124,0.06993405025125628,0.13198368641374245,1.3897709143886807,0.012826
EUSF01125,0.06993405025125628,0.13198368641374245,1.3897709143886807,0.012826
EUSF00741,0.06993405025125628,0.13198368641374245,1.3897709143886807,0.012826
EUSF00740,0.06993405025125628,0.13198368641374245,1.3897709143886807,0.013067
EUSF01128,0.06993405025125628,0.13198368641374245,1.3897709143886807,1e-06
EUSF01129,0.06993405025125628,0.13198368641374245,1.3897709143886807,0.012826
EUSF00745,0.06993405025125628,0.13198368641374245,1.3897709143886807,0.013067
EUSF01286,0.06993405025125628,0.13198368641374245,1.3897709143886807,0.019451
EUSF00747,0.06993405025125628,0.13198368641374245,1.3897709143886807,0.013067
EUSF00746,0.06993405025125628,0.13198368641374245,1.3897709143886807,0.013067
EUSF00770,0.06993405025125628,0.13198368641374245,1.3897709143886807,0.006386
EUSF01273,0.06993405025125628,0.13198368641374245,1.3897709143886807,1e-06
EUSF00719,0.06993405025125628,0.13198368641374245,1.3897709143886807,0.006386
EUSF00773,0.06993405025125628,0.13198368641374245,1.3897709143886807,0.006386
EUSF01691,0.06993405025125628,0.13198368641374245,1.3897709143886807,0.006386
EUSF01276,0.06993405025125628,0.13198368641374245,1.3897709143886807,0.006386
EUSF00945,0.06993405025125628,0.13198368641374245,1.3897709143886807,0.006386
EUSF00944,0.06993405025125628,0.13198368641374245,1.3897709143886807,0.047145
EUSF00943,0.06993405025125628,0.13198368641374245,1.3897709143886807,0.012805
EUSF01594,0.06993405025125628,0.13198368641374245,1.3897709143886807,0.012826
EUSF00941,0.06993405025125628,0.13198368641374245,1.3897709143886807,1e-06
EUSF00940,0.06993405025125628,0.13198368641374245,1.3897709143886807,1e-06
EUSF01144,0.06993405025125628,0.13198368641374245,1.3897709143886807,0.006495
EUSF01274,0.06993405025125628,0.13198368641374245,1.3897709143886807,0.006386
EUSF01145,0.06993405025125628,0.13198368641374245,1.3897709143886807,0.012826
EUSF01221,0.06993405025125628,0.13198368641374245,1.3897709143886807,0.012826
EUSF01146,0.06993405025125628,0.13198368641374245,1.3897709143886807,0.032696
EUSF00778,0.06993405025125628,0.13198368641374245,1.3897709143886807,0.013067
EUSF01344,0.06993405025125628,0.13198368641374245,1.3897709143886807,0.006386
EUSF01147,0.06993405025125628,0.13198368641374245,1.3897709143886807,0.012826
EUSF01257,0.06993405025125628,0.13198368641374245,1.3897709143886807,0.006386
EUSF01469,0.06993405025125628,0.13198368641374245,1.3897709143886807,0.019377
EUSF01341,0.06993405025125628,0.13198368641374245,1.3897709143886807,0.006495
EUSF01140,0.06993405025125628,0.13198368641374245,1.3897709143886807,0.012826
EUSF01348,0.06993405025125628,0.13198368641374245,1.3897709143886807,0.006386
EUSF01141,0.06993405025125628,0.13198368641374245,1.3897709143886807,0.012826
EUSF00705,0.06993405025125628,0.13198368641374245,1.3897709143886807,0.006386
EUSF01949,0.06993405025125628,0.13198368641374245,1.3897709143886807,1e-06
EUSF01199,0.06993405025125628,0.13198368641374245,1.3897709143886807,0.012826
EUSF01198,0.06993405025125628,0.13198368641374245,1.3897709143886807,0.012826
EUSF01944,0.06993405025125628,0.13198368641374245,1.3897709143886807,0.006419
EUSF01195,0.06993405025125628,0.13198368641374245,1.3897709143886807,0.006459
EUSF01194,0.06993405025125628,0.13198368641374245,1.3897709143886807,0.006459
EUSF01193,0.06993405025125628,0.13198368641374245,1.3897709143886807,0.012826
EUSF01941,0.06993405025125628,0.13198368641374245,1.3897709143886807,0.056109
EUSF01191,0.06993405025125628,0.13198368641374245,1.3897709143886807,0.006459
EUSF01943,0.06993405025125628,0.13198368641374245,1.3897709143886807,0.026754
EUSF01225,0.06993405025125628,0.13198368641374245,1.3897709143886807,1e-06
EUSF01865,0.06993405025125628,0.13198368641374245,1.3897709143886807,0.01965
EUSF01224,0.06993405025125628,0.13198368641374245,1.3897709143886807,0.012826
EUSF01227,0.06993405025125628,0.13198368641374245,1.3897709143886807,0.012826
EUSF01192,0.06993405025125628,0.13198368641374245,1.3897709143886807,0.006459
EUSF00949,0.06993405025125628,0.13198368641374245,1.3897709143886807,0.019441
EUSF01148,0.06993405025125628,0.13198368641374245,1.3897709143886807,0.006495
EUSF01099,0.06993405025125628,0.13198368641374245,1.3897709143886807,0.012826
EUSF01220,0.06993405025125628,0.13198368641374245,1.3897709143886807,0.006495
EUSF00749,0.06993405025125628,0.13198368641374245,1.3897709143886807,0.006386
EUSF00947,0.06993405025125628,0.13198368641374245,1.3897709143886807,1e-06
EUSF01026,0.06993405025125628,0.13198368641374245,1.3897709143886807,0.032696
EUSF01466,0.06993405025125628,0.13198368641374245,1.3897709143886807,0.013067
EUSF01223,0.06993405025125628,0.13198368641374245,1.3897709143886807,0.032623
EUSF00946,0.06993405025125628,0.13198368641374245,1.3897709143886807,0.012805
EUSF00752,0.06993405025125628,0.13198368641374245,1.3897709143886807,1e-06
EUSF00724,0.06993405025125628,0.13198368641374245,1.3897709143886807,0.012805
EUSF00641,0.06993405025125628,0.13198368641374245,1.3897709143886807,0.025935
EUSF00789,0.06993405025125628,0.13198368641374245,1.3897709143886807,0.019377
EUSF01269,0.06993405025125628,0.13198368641374245,1.3897709143886807,0.025935
EUSF01695,0.06993405025125628,0.13198368641374245,1.3897709143886807,1e-06
EUSF00942,0.06993405025125628,0.13198368641374245,1.3897709143886807,0.006386
EUSF01939,0.06993405025125628,0.13198368641374245,1.3897709143886807,0.01965
EUSF01938,0.06993405025125628,0.13198368641374245,1.3897709143886807,0.006419
EUSF01598,0.06993405025125628,0.13198368641374245,1.3897709143886807,0.012826
EUSF01931,0.06993405025125628,0.13198368641374245,1.3897709143886807,0.006373
EUSF01933,0.06993405025125628,0.13198368641374245,1.3897709143886807,0.006419
EUSF01932,0.06993405025125628,0.13198368641374245,1.3897709143886807,0.006419
EUSF01935,0.06993405025125628,0.13198368641374245,1.3897709143886807,0.006419
EUSF01937,0.06993405025125628,0.13198368641374245,1.3897709143886807,0.006459
EUSF01936,0.06993405025125628,0.13198368641374245,1.3897709143886807,0.006459
EUSF00647,0.06993405025125628,0.13198368641374245,1.3897709143886807,0.01965
EUSF01696,0.06993405025125628,0.13198368641374245,1.3897709143886807,0.006377
EUSF01216,0.06993405025125628,0.13198368641374245,1.3897709143886807,1e-06
EUSF00618,0.06993405025125628,0.13198368641374245,1.3897709143886807,0.012805
EUSF00750,0.06993405025125628,0.13198368641374245,1.3897709143886807,0.012805
EUSF00732,0.06993405025125628,0.13198368641374245,1.3897709143886807,1e-06
EUSF00836,0.06993405025125628,0.13198368641374245,1.3897709143886807,1e-06
EUSF00835,0.06993405025125628,0.13198368641374245,1.3897709143886807,0.013067
EUSF00834,0.06993405025125628,0.13198368641374245,1.3897709143886807,1e-06
EUSF00833,0.06993405025125628,0.13198368641374245,1.3897709143886807,0.032696
EUSF00831,0.06993405025125628,0.13198368641374245,1.3897709143886807,0.013067
EUSF00830,0.06993405025125628,0.13198368641374245,1.3897709143886807,1e-06
EUSF01697,0.06993405025125628,0.13198368641374245,1.3897709143886807,0.006459
EUSF00948,0.06993405025125628,0.13198368641374245,1.3897709143886807,0.019441
EUSF01468,0.06993405025125628,0.13198368641374245,1.3897709143886807,0.019377
EUSF00934,0.06993405025125628,0.13198368641374245,1.3897709143886807,1e-06
EUSF00839,0.06993405025125628,0.13198368641374245,1.3897709143886807,1e-06
EUSF01332,0.06993405025125628,0.13198368641374245,1.3897709143886807,0.006386
EUSF00684,0.06993405025125628,0.13198368641374245,1.3897709143886807,1e-06
EUSF00686,0.06993405025125628,0.13198368641374245,1.3897709143886807,0.032886
EUSF00687,0.06993405025125628,0.13198368641374245,1.3897709143886807,0.012805
EUSF00680,0.06993405025125628,0.13198368641374245,1.3897709143886807,0.012805
EUSF00681,0.06993405025125628,0.13198368641374245,1.3897709143886807,1e-06
EUSF00682,0.06993405025125628,0.13198368641374245,1.3897709143886807,0.012861
EUSF00683,0.06993405025125628,0.13198368641374245,1.3897709143886807,0.032696
EUSF00565,0.06993405025125628,0.13198368641374245,1.3897709143886807,0.006386
EUSF00564,0.06993405025125628,0.13198368641374245,1.3897709143886807,0.006386
EUSF00567,0.06993405025125628,0.13198368641374245,1.3897709143886807,0.006386
EUSF00566,0.06993405025125628,0.13198368641374245,1.3897709143886807,1e-06
EUSF00688,0.06993405025125628,0.13198368641374245,1.3897709143886807,1e-06
EUSF00689,0.06993405025125628,0.13198368641374245,1.3897709143886807,1e-06
EUSF00563,0.06993405025125628,0.13198368641374245,1.3897709143886807,0.013067
EUSF00562,0.06993405025125628,0.13198368641374245,1.3897709143886807,1e-06
EUSF00610,0.06993405025125628,0.13198368641374245,1.3897709143886807,0.032623
EUSF01678,0.06993405025125628,0.13198368641374245,1.3897709143886807,1e-06
EUSF01168,0.06993405025125628,0.13198368641374245,1.3897709143886807,0.006459
EUSF01166,0.06993405025125628,0.13198368641374245,1.3897709143886807,0.006459
EUSF01218,0.06993405025125628,0.13198368641374245,1.3897709143886807,0.006381
EUSF01164,0.06993405025125628,0.13198368641374245,1.3897709143886807,0.006459
EUSF01165,0.06993405025125628,0.13198368641374245,1.3897709143886807,0.012826
EUSF01162,0.06993405025125628,0.13198368641374245,1.3897709143886807,0.012826
EUSF01163,0.06993405025125628,0.13198368641374245,1.3897709143886807,0.012826
EUSF01160,0.06993405025125628,0.13198368641374245,1.3897709143886807,0.032696
EUSF00616,0.06993405025125628,0.13198368641374245,1.3897709143886807,0.032696
EUSF01247,0.06993405025125628,0.13198368641374245,1.3897709143886807,1e-06
EUSF01246,0.06993405025125628,0.13198368641374245,1.3897709143886807,0.006386
EUSF00668,0.06993405025125628,0.13198368641374245,1.3897709143886807,0.012805
EUSF00706,0.06993405025125628,0.13198368641374245,1.3897709143886807,0.032696
EUSF00701,0.06993405025125628,0.13198368641374245,1.3897709143886807,0.013067
EUSF01242,0.06993405025125628,0.13198368641374245,1.3897709143886807,1e-06
EUSF01241,0.06993405025125628,0.13198368641374245,1.3897709143886807,1e-06
EUSF00702,0.06993405025125628,0.13198368641374245,1.3897709143886807,1e-06
EUSF00662,0.06993405025125628,0.13198368641374245,1.3897709143886807,0.012805
EUSF00663,0.06993405025125628,0.13198368641374245,1.3897709143886807,0.033098
EUSF00660,0.06993405025125628,0.13198368641374245,1.3897709143886807,0.032623
EUSF00661,0.06993405025125628,0.13198368641374245,1.3897709143886807,0.032886
EUSF00666,0.06993405025125628,0.13198368641374245,1.3897709143886807,1e-06
EUSF00708,0.06993405025125628,0.13198368641374245,1.3897709143886807,0.012805
EUSF00664,0.06993405025125628,0.13198368641374245,1.3897709143886807,0.033029
EUSF00665,0.06993405025125628,0.13198368641374245,1.3897709143886807,0.033098
EUSF00590,0.06993405025125628,0.13198368641374245,1.3897709143886807,0.006386
EUSF01230,0.06993405025125628,0.13198368641374245,1.3897709143886807,0.006386
EUSF01092,0.06993405025125628,0.13198368641374245,1.3897709143886807,0.033098
EUSF01699,0.06993405025125628,0.13198368641374245,1.3897709143886807,0.006419
EUSF00903,0.06993405025125628,0.13198368641374245,1.3897709143886807,0.019329
EUSF00902,0.06993405025125628,0.13198368641374245,1.3897709143886807,0.032696
EUSF00901,0.06993405025125628,0.13198368641374245,1.3897709143886807,0.032696
EUSF00900,0.06993405025125628,0.13198368641374245,1.3897709143886807,0.032696
EUSF00907,0.06993405025125628,0.13198368641374245,1.3897709143886807,0.032696
EUSF00513,0.06993405025125628,0.13198368641374245,1.3897709143886807,1e-06
EUSF00905,0.06993405025125628,0.13198368641374245,1.3897709143886807,0.032696
EUSF00904,0.06993405025125628,0.13198368641374245,1.3897709143886807,1e-06
EUSF01345,0.06993405025125628,0.13198368641374245,1.3897709143886807,0.012826
EUSF01613,0.06993405025125628,0.13198368641374245,1.3897709143886807,0.006419
EUSF00669,0.06993405025125628,0.13198368641374245,1.3897709143886807,0.006495
EUSF00939,0.06993405025125628,0.13198368641374245,1.3897709143886807,0.012805
EUSF01382,0.06993405025125628,0.13198368641374245,1.3897709143886807,1e-06
EUSF01383,0.06993405025125628,0.13198368641374245,1.3897709143886807,0.012826
EUSF01380,0.06993405025125628,0.13198368641374245,1.3897709143886807,0.025935
EUSF01387,0.06993405025125628,0.13198368641374245,1.3897709143886807,0.012805
EUSF00932,0.06993405025125628,0.13198368641374245,1.3897709143886807,0.012805
EUSF01421,0.06993405025125628,0.13198368641374245,1.3897709143886807,0.012826
EUSF01420,0.06993405025125628,0.13198368641374245,1.3897709143886807,0.01964
EUSF01425,0.06993405025125628,0.13198368641374245,1.3897709143886807,1e-06
EUSF01012,0.06993405025125628,0.13198368641374245,1.3897709143886807,0.032623
EUSF00598,0.06993405025125628,0.13198368641374245,1.3897709143886807,0.033098
EUSF01010,0.06993405025125628,0.13198368641374245,1.3897709143886807,0.040324
EUSF01011,0.06993405025125628,0.13198368641374245,1.3897709143886807,0.032696
EUSF01283,0.06993405025125628,0.13198368641374245,1.3897709143886807,0.006386
EUSF01017,0.06993405025125628,0.13198368641374245,1.3897709143886807,0.032696
EUSF01014,0.06993405025125628,0.13198368641374245,1.3897709143886807,0.032696
EUSF01015,0.06993405025125628,0.13198368641374245,1.3897709143886807,0.012805
EUSF01549,0.06993405025125628,0.13198368641374245,1.3897709143886807,0.019377
EUSF01018,0.06993405025125628,0.13198368641374245,1.3897709143886807,0.012805
EUSF01019,0.06993405025125628,0.13198368641374245,1.3897709143886807,0.032696
EUSF01464,0.06993405025125628,0.13198368641374245,1.3897709143886807,0.006377
EUSF00561,0.06993405025125628,0.13198368641374245,1.3897709143886807,0.013067
EUSF01178,0.06993405025125628,0.13198368641374245,1.3897709143886807,0.006459
EUSF01615,0.06993405025125628,0.13198368641374245,1.3897709143886807,0.012826
EUSF00619,0.06993405025125628,0.13198368641374245,1.3897709143886807,0.012805
EUSF00575,0.06993405025125628,0.13198368641374245,1.3897709143886807,0.006386
EUSF01091,0.06993405025125628,0.13198368641374245,1.3897709143886807,0.033098
EUSF00698,0.06993405025125628,0.13198368641374245,1.3897709143886807,1e-06
EUSF01708,0.06993405025125628,0.13198368641374245,1.3897709143886807,0.019537
EUSF01972,0.06993405025125628,0.13198368641374245,1.3897709143886807,0.006419
EUSF01167,0.06993405025125628,0.13198368641374245,1.3897709143886807,0.013067
EUSF01706,0.06993405025125628,0.13198368641374245,1.3897709143886807,0.019727
EUSF01339,0.06993405025125628,0.13198368641374245,1.3897709143886807,0.006377
EUSF00797,0.06993405025125628,0.13198368641374245,1.3897709143886807,1e-06
EUSF01337,0.06993405025125628,0.13198368641374245,1.3897709143886807,0.012826
EUSF01336,0.06993405025125628,0.13198368641374245,1.3897709143886807,0.019525
EUSF01335,0.06993405025125628,0.13198368641374245,1.3897709143886807,0.032886
EUSF00794,0.06993405025125628,0.13198368641374245,1.3897709143886807,0.012826
EUSF01022,0.06993405025125628,0.13198368641374245,1.3897709143886807,0.012805
EUSF01330,0.06993405025125628,0.13198368641374245,1.3897709143886807,0.01965
EUSF01680,0.06993405025125628,0.13198368641374245,1.3897709143886807,0.006386
EUSF01416,0.06993405025125628,0.13198368641374245,1.3897709143886807,1e-06
EUSF01705,0.06993405025125628,0.13198368641374245,1.3897709143886807,0.006386
EUSF01878,0.06993405025125628,0.13198368641374245,1.3897709143886807,1e-06
EUSF01879,0.06993405025125628,0.13198368641374245,1.3897709143886807,1e-06
EUSF00982,0.06993405025125628,0.13198368641374245,1.3897709143886807,1e-06
EUSF01875,0.06993405025125628,0.13198368641374245,1.3897709143886807,0.006459
EUSF01876,0.06993405025125628,0.13198368641374245,1.3897709143886807,0.305567
EUSF01877,0.06993405025125628,0.13198368641374245,1.3897709143886807,1e-06
EUSF01870,0.06993405025125628,0.13198368641374245,1.3897709143886807,1e-06
EUSF00981,0.06993405025125628,0.13198368641374245,1.3897709143886807,0.012805
EUSF01872,0.06993405025125628,0.13198368641374245,1.3897709143886807,1e-06
EUSF01703,0.06993405025125628,0.13198368641374245,1.3897709143886807,0.012805
EUSF01197,0.06993405025125628,0.13198368641374245,1.3897709143886807,1e-06
EUSF01002,0.06993405025125628,0.13198368641374245,1.3897709143886807,0.006373
EUSF01700,0.06993405025125628,0.13198368641374245,1.3897709143886807,0.01965
EUSF01973,0.06993405025125628,0.13198368641374245,1.3897709143886807,1.95429
EUSF01196,0.06993405025125628,0.13198368641374245,1.3897709143886807,0.012826
EUSF01231,0.06993405025125628,0.13198368641374245,1.3897709143886807,0.006386
EUSF01946,0.06993405025125628,0.13198368641374245,1.3897709143886807,1e-06
