EUSF00001	S3T4
EUSF00002	S1T2
EUSF00003	S3T4
EUSF00004	S3T1
EUSF00005	S3T4
EUSF00006	S3T4
EUSF00007	S3T2
EUSF00008	S1T3
EUSF00009	S3T1
EUSF00010	S1T3
EUSF00011	S3T1
EUSF00012	S3T2
EUSF00013	S1T1
EUSF00014	S1T2
EUSF00015	S1T3
EUSF00016	S1T1
EUSF00017	S1T2
EUSF00018	S1T1
EUSF00019	S3T1
EUSF00020	S1T4
EUSF00021	S3T1
EUSF00022	S3T2
EUSF00023	S3T4
EUSF00024	S3T4
EUSF00025	S3T1
EUSF00026	S3T1
EUSF00027	S3T2
EUSF00028	S1T1
EUSF00029	S1T4
EUSF00030	S2T3
EUSF00031	S3T1
EUSF00032	S3T3
EUSF00033	S3T3
EUSF00034	S3T2
EUSF00035	S3T2
EUSF00036	S3T2
EUSF00037	S3T2
EUSF00038	S3T3
EUSF00039	S1T1
EUSF00040	S1T3
EUSF00041	Test_Sample
EUSF00042	S3T2
EUSF00043	S1T2
EUSF00044	S1T1
EUSF00045	S3T2
EUSF00046	S3T2
EUSF00047	S1T1
EUSF00048	S2T4
EUSF00049	Test_Sample
EUSF00050	S1T3
EUSF00051	S3T2
EUSF00052	S3T2
EUSF00053	S1T3
EUSF00054	S1T2
EUSF00055	S1T3
EUSF00056	S3T3
EUSF00057	S3T4
EUSF00058	S2T4
EUSF00059	S1T3
EUSF00060	S1T3
EUSF00061	S3T2
EUSF00062	S3T3
EUSF00063	S1T3
EUSF00064	S1T1
EUSF00065	S1T2
EUSF00066	S1T2
EUSF00067	S1T2
EUSF00068	S2T1
EUSF00069	S2T1
EUSF00070	S1T2
EUSF00071	S1T2
EUSF00072	S1T2
EUSF00073	S1T2
EUSF00074	S1T2
EUSF00075	S3T2
EUSF00076	S1T2
EUSF00077	S1T2
EUSF00078	S2T1
EUSF00079	S1T2
EUSF00080	S2T1
EUSF00081	S1T3
EUSF00082	S1T2
EUSF00083	Test_Sample
EUSF00084	S1T2
EUSF00085	S3T3
EUSF00086	S1T2
EUSF00087	S1T2
EUSF00088	S1T1
EUSF00089	S1T2
EUSF00090	S1T1
EUSF00091	S1T2
EUSF00092	S2T2
EUSF00093	S1T2
EUSF00094	S1T2
EUSF00095	S1T2
EUSF00096	S1T1
EUSF00097	S1T1
EUSF00098	S1T1
EUSF00099	S1T2
EUSF00100	Test_Sample
EUSF00101	S1T2
EUSF00102	S1T4
EUSF00103	S1T2
EUSF00104	S1T4
EUSF00105	S1T4
EUSF00106	S1T2
EUSF00107	S1T2
EUSF00108	S2T3
EUSF00109	S2T2
EUSF00110	S1T2
EUSF00111	S1T4
EUSF00112	S1T2
EUSF00113	S1T2
EUSF00114	S2T4
EUSF00115	S2T2
EUSF00116	S1T2
EUSF00117	S1T1
EUSF00118	S2T1
EUSF00119	Test_Sample
EUSF00120	S2T3
EUSF00121	S1T1
EUSF00122	S1T2
EUSF00123	S1T2
EUSF00124	S2T1
EUSF00125	S1T1
EUSF00126	S1T2
EUSF00127	S1T2
EUSF00128	S1T2
EUSF00129	S1T2
EUSF00130	S1T1
EUSF00131	S1T1
EUSF00132	S1T1
EUSF00133	S1T2
EUSF00134	S3T4
EUSF00135	S1T2
EUSF00136	S1T2
EUSF00137	S2T1
EUSF00138	S2T4
EUSF00139	Test_Sample
EUSF00140	S1T2
EUSF00141	Test_Sample
EUSF00142	S3T4
EUSF00143	S1T2
EUSF00144	S3T1
EUSF00145	S3T4
EUSF00146	S3T4
EUSF00147	S1T3
EUSF00148	S3T4
EUSF00149	S3T1
EUSF00150	S3T4
EUSF00151	S1T2
EUSF00152	S2T1
EUSF00153	S1T4
EUSF00154	S3T3
EUSF00155	S3T1
EUSF00156	S3T4
EUSF00157	S3T2
EUSF00158	S1T3
EUSF00159	S3T3
EUSF00160	S3T1
EUSF00161	S1T2
EUSF00162	S1T2
EUSF00163	S3T4
EUSF00164	S3T3
EUSF00165	S1T3
EUSF00166	S3T2
EUSF00167	S3T2
EUSF00168	S3T4
EUSF00169	S1T3
EUSF00170	S2T2
EUSF00171	S3T4
EUSF00172	S3T3
EUSF00173	S1T2
EUSF00174	S1T3
EUSF00175	Test_Sample
EUSF00176	S3T4
EUSF00177	S2T2
EUSF00178	S2T1
EUSF00179	S2T3
EUSF00180	S1T3
EUSF00181	S3T1
EUSF00182	S3T3
EUSF00183	S3T4
EUSF00184	S3T4
EUSF00185	S3T1
EUSF00186	S2T4
EUSF00187	S2T4
EUSF00188	S2T4
EUSF00189	S3T4
EUSF00190	S3T2
EUSF00191	S1T3
EUSF00192	S1T4
EUSF00193	S2T4
EUSF00194	S2T4
EUSF00195	S3T1
EUSF00196	S1T4
EUSF00197	S3T2
EUSF00198	S2T4
EUSF00199	S1T4
EUSF00200	S1T4
EUSF00201	S3T4
EUSF00202	S3T2
EUSF00203	S3T2
EUSF00204	S2T4
EUSF00205	S3T2
EUSF00206	S3T1
EUSF00207	S3T3
EUSF00208	S1T2
EUSF00209	S1T2
EUSF00210	S3T2
EUSF00211	S3T2
EUSF00212	S1T4
EUSF00213	S1T2
EUSF00214	S3T3
EUSF00215	S3T2
EUSF00216	S1T4
EUSF00217	S1T4
EUSF00218	S1T2
EUSF00219	S1T4
EUSF00220	S3T3
EUSF00221	S2T4
EUSF00222	S3T2
EUSF00223	S3T3
EUSF00224	S3T3
EUSF00225	S3T3
EUSF00226	S1T4
EUSF00227	S3T3
EUSF00228	S1T3
EUSF00229	S1T1
EUSF00230	S1T2
EUSF00231	S2T3
EUSF00232	S2T2
EUSF00233	S1T2
EUSF00234	S3T3
EUSF00235	S1T2
EUSF00236	S3T3
EUSF00237	Test_Sample
EUSF00238	S1T3
EUSF00239	S3T4
EUSF00240	S2T3
EUSF00241	S3T2
EUSF00242	S3T1
EUSF00243	Test_Sample
EUSF00244	S1T3
EUSF00245	S1T2
EUSF00246	Test_Sample
EUSF00247	S1T2
EUSF00248	S3T3
EUSF00249	S3T2
EUSF00250	S3T1
EUSF00251	S1T3
EUSF00252	S1T2
EUSF00253	S3T4
EUSF00254	S3T1
EUSF00255	S2T1
EUSF00256	S3T4
EUSF00257	S3T3
EUSF00258	S1T4
EUSF00259	S3T2
EUSF00260	S3T3
EUSF00261	S3T3
EUSF00262	S3T4
EUSF00263	ZUSF002481
EUSF00264	S2T1
EUSF00265	Test_Sample
EUSF00266	S3T3
EUSF00267	S3T2
EUSF00268	S2T4
EUSF00269	S3T3
EUSF00270	S1T3
EUSF00271	S1T3
EUSF00272	S1T3
EUSF00273	S2T4
EUSF00274	S3T4
EUSF00275	S3T3
EUSF00276	S3T1
EUSF00277	S1T2
EUSF00278	S1T3
EUSF00279	S3T2
EUSF00280	S3T3
EUSF00281	S3T2
EUSF00282	S3T2
EUSF00283	S2T3
EUSF00284	S3T3
EUSF00285	S3T3
EUSF00286	S3T3
EUSF00287	S2T3
EUSF00288	S1T3
EUSF00289	S1T2
EUSF00290	S1T3
EUSF00291	S3T3
EUSF00292	S2T4
EUSF00293	S3T1
EUSF00294	S2T1
EUSF00295	S3T3
EUSF00296	S1T2
EUSF00297	S3T2
EUSF00298	S1T4
EUSF00299	S3T3
EUSF00300	S3T3
EUSF00301	S3T4
EUSF00302	S3T2
EUSF00303	S3T3
EUSF00304	S3T1
EUSF00305	S3T2
EUSF00306	S2T3
EUSF00307	S2T3
EUSF00308	S3T3
EUSF00309	S3T4
EUSF00310	S1T1
EUSF00311	S3T3
EUSF00312	S3T4
EUSF00313	S3T3
EUSF00314	S3T4
EUSF00315	S3T1
EUSF00316	S3T3
EUSF00317	S1T1
EUSF00318	S1T1
EUSF00319	S3T3
EUSF00320	S3T3
EUSF00321	S3T2
EUSF00322	S1T1
EUSF00323	S3T4
EUSF00324	S3T1
EUSF00325	S1T4
EUSF00326	Test_Sample
EUSF00327	S3T3
EUSF00328	S3T2
EUSF00329	S3T2
EUSF00330	S1T1
EUSF00331	S2T3
EUSF00332	S3T1
EUSF00333	S1T1
EUSF00334	S1T4
EUSF00335	Test_Sample
EUSF00336	S1T2
EUSF00337	S3T1
EUSF00338	S1T1
EUSF00339	S3T4
EUSF00340	S1T2
EUSF00341	S3T2
EUSF00342	S1T3
EUSF00343	S1T2
EUSF00344	S3T3
EUSF00345	S1T4
EUSF00346	S2T3
EUSF00347	S1T3
EUSF00348	S2T3
EUSF00349	S3T1
EUSF00350	S2T3
EUSF00351	S3T2
EUSF00352	S3T2
EUSF00353	S1T1
EUSF00354	S3T1
EUSF00355	S1T3
EUSF00356	S3T1
EUSF00357	S3T2
EUSF00358	S1T3
EUSF00359	S1T3
EUSF00360	S1T3
EUSF00361	Test_Sample
EUSF00362	S3T2
EUSF00363	S3T2
EUSF00364	S1T4
EUSF00365	S3T2
EUSF00366	S1T2
EUSF00367	S3T1
EUSF00368	S3T2
EUSF00369	S1T3
EUSF00370	S1T2
EUSF00371	S3T3
EUSF00372	S2T4
EUSF00373	S3T2
EUSF00374	S3T4
EUSF00375	S2T3
EUSF00376	S1T2
EUSF00377	S1T2
EUSF00378	S3T1
EUSF00379	S3T2
EUSF00380	S3T4
EUSF00381	S3T2
EUSF00382	S1T1
EUSF00383	S3T1
EUSF00384	S1T1
EUSF00385	S3T4
EUSF00386	S3T1
EUSF00387	S3T2
EUSF00388	S1T2
EUSF00389	S1T1
EUSF00390	S3T2
EUSF00391	S3T1
EUSF00392	S1T2
EUSF00393	S3T3
EUSF00394	S3T2
EUSF00395	S3T2
EUSF00396	S1T3
EUSF00397	S1T1
EUSF00398	S3T2
EUSF00399	S3T1
EUSF00400	S3T2
EUSF00401	S1T4
EUSF00402	S2T3
EUSF00403	S3T4
EUSF00404	S3T4
EUSF00405	S3T1
EUSF00406	S1T2
EUSF00407	S1T2
EUSF00408	S1T3
EUSF00409	S3T1
EUSF00410	S3T2
EUSF00411	S3T4
EUSF00412	S3T2
EUSF00413	S1T3
EUSF00414	S3T1
EUSF00415	S1T1
EUSF00416	S3T1
EUSF00417	S3T2
EUSF00418	S3T4
EUSF00419	S1T1
EUSF00420	S2T3
EUSF00421	S1T1
EUSF00422	S3T1
EUSF00423	S3T2
EUSF00424	S2T4
EUSF00425	S3T1
EUSF00426	S1T2
EUSF00427	S3T3
EUSF00428	S1T2
EUSF00429	S2T3
EUSF00430	S3T3
EUSF00431	S1T1
EUSF00432	S3T3
EUSF00433	S1T1
EUSF00434	S2T1
EUSF00435	S2T2
EUSF00436	S2T2
EUSF00437	S2T4
EUSF00438	S1T3
EUSF00439	S3T3
EUSF00440	S3T4
EUSF00441	S2T4
EUSF00442	S2T3
EUSF00443	S2T3
EUSF00444	S3T1
EUSF00445	S3T1
EUSF00446	S3T4
EUSF00447	S1T3
EUSF00448	S3T3
EUSF00449	S1T4
EUSF00450	S1T4
EUSF00451	S3T1
EUSF00452	S3T1
EUSF00453	S3T2
EUSF00454	S1T2
EUSF00455	S2T1
EUSF00456	S3T1
EUSF00457	S1T3
EUSF00458	S3T3
EUSF00459	S2T3
EUSF00460	S2T4
EUSF00461	S3T1
EUSF00462	S1T1
EUSF00463	S2T1
EUSF00464	S1T2
EUSF00465	S2T4
EUSF00466	S1T2
EUSF00467	S3T1
EUSF00468	S1T2
EUSF00469	S1T2
EUSF00470	S1T2
EUSF00471	S2T1
EUSF00472	S3T1
EUSF00473	S1T2
EUSF00474	S1T2
EUSF00475	S1T2
EUSF00476	S1T1
EUSF00477	S1T2
EUSF00478	S2T1
EUSF00479	S3T3
EUSF00480	S1T2
EUSF00481	S2T1
EUSF00482	S2T3
EUSF00483	S2T4
EUSF00484	S1T2
EUSF00485	S1T3
EUSF00486	S3T1
EUSF00487	S3T1
EUSF00488	S3T1
EUSF00489	S3T4
EUSF00490	S3T4
EUSF00491	S1T2
EUSF00492	S1T2
EUSF00493	S2T4
EUSF00494	S1T1
EUSF00495	S3T2
EUSF00496	S3T4
EUSF00497	S1T2
EUSF00498	S3T3
EUSF00499	Test_Sample
EUSF00500	S3T1
EUSF00501	S3T2
EUSF00502	S3T3
EUSF00503	S3T3
EUSF00504	S1T4
EUSF00505	S1T1
EUSF00506	S3T1
EUSF00507	S1T1
EUSF00508	S2T3
EUSF00509	S3T1
EUSF00510	S1T2
EUSF00511	Test_Sample
EUSF00512	S1T1
EUSF00513	S1T1
EUSF00514	S1T1
EUSF00515	S1T1
EUSF00516	S1T1
EUSF00517	S1T1
EUSF00518	S1T1
EUSF00519	S1T1
EUSF00520	S1T1
EUSF00521	S1T1
EUSF00522	S1T1
EUSF00523	S1T1
EUSF00524	S1T1
EUSF00525	S1T1
EUSF00526	S1T1
EUSF00527	S1T2
EUSF00528	S1T4
EUSF00529	S1T2
EUSF00530	S1T2
EUSF00531	S1T2
EUSF00532	S1T2
EUSF00533	S1T2
EUSF00534	S1T2
EUSF00535	S1T2
EUSF00536	S1T3
EUSF00537	S1T3
EUSF00538	S1T3
EUSF00539	S1T3
EUSF00540	S1T3
EUSF00541	S1T3
EUSF00542	S1T3
EUSF00543	S1T3
EUSF00544	S1T3
EUSF00545	S1T3
EUSF00546	S1T3
EUSF00547	S1T3
EUSF00548	S1T3
EUSF00549	S1T3
EUSF00550	S1T3
EUSF00551	S1T3
EUSF00552	S1T3
EUSF00553	S1T3
EUSF00554	S1T3
EUSF00555	S1T3
EUSF00556	S1T3
EUSF00557	S1T3
EUSF00558	S1T4
EUSF00559	S1T4
EUSF00560	S1T4
EUSF00561	S1T4
EUSF00562	S1T4
EUSF00563	S1T4
EUSF00564	S1T4
EUSF00565	S1T4
EUSF00566	S1T4
EUSF00567	S1T4
EUSF00568	S1T4
EUSF00569	S1T4
EUSF00570	S1T4
EUSF00571	S1T4
EUSF00572	S1T4
EUSF00573	S1T4
EUSF00574	S1T4
EUSF00575	S1T5
EUSF00576	S1T5
EUSF00577	S1T5
EUSF00578	S1T5
EUSF00579	S1T5
EUSF00580	S1T5
EUSF00581	S1T5
EUSF00582	S1T5
EUSF00583	S1T5
EUSF00584	S1T5
EUSF00585	S1T5
EUSF00586	S1T5
EUSF00587	S1T5
EUSF00588	S1T5
EUSF00589	S1T5
EUSF00590	S1T5
EUSF00591	S1T5
EUSF00592	S1T5
EUSF00593	S1T5
EUSF00594	S1T5
EUSF00595	S1T5
EUSF00596	S1T5
EUSF00597	S1T5
EUSF00598	S2T1
EUSF00599	S2T1
EUSF00600	S2T1
EUSF00601	S2T1
EUSF00602	S2T1
EUSF00603	S2T1
EUSF00604	S2T1
EUSF00605	S2T1
EUSF00606	S2T1
EUSF00607	S2T1
EUSF00608	S2T1
EUSF00609	S2T1
EUSF00610	S2T1
EUSF00611	S2T1
EUSF00612	S2T1
EUSF00613	S2T1
EUSF00614	S2T1
EUSF00615	S2T1
EUSF00616	S2T1
EUSF00617	S2T2
EUSF00618	S2T2
EUSF00619	S2T2
EUSF00620	S2T2
EUSF00621	S2T2
EUSF00622	S2T2
EUSF00623	S2T2
EUSF00624	S2T2
EUSF00625	S2T2
EUSF00626	S2T2
EUSF00627	S2T2
EUSF00628	S2T2
EUSF00629	S2T2
EUSF00630	S2T3
EUSF00631	S2T3
EUSF00632	S2T3
EUSF00633	S2T4
EUSF00634	S2T4
EUSF00635	S2T4
EUSF00636	S2T4
EUSF00637	S2T4
EUSF00638	S2T4
EUSF00639	S2T4
EUSF00640	S2T4
EUSF00641	S2T4
EUSF00642	S2T4
EUSF00643	S2T4
EUSF00644	S2T4
EUSF00645	S2T4
EUSF00646	S2T4
EUSF00647	S2T4
EUSF00648	S2T4
EUSF00649	S2T4
EUSF00650	S2T4
EUSF00651	S2T4
EUSF00652	S2T4
EUSF00653	S2T4
EUSF00654	S2T4
EUSF00655	S2T4
EUSF00656	S2T4
EUSF00657	S2T4
EUSF00658	S2T4
EUSF00659	S2T4
EUSF00660	S2T4
EUSF00661	S2T5
EUSF00662	S2T5
EUSF00663	S2T5
EUSF00664	S2T5
EUSF00665	S2T5
EUSF00666	S2T5
EUSF00667	S2T5
EUSF00668	S2T5
EUSF00669	S2T5
EUSF00670	S3T1
EUSF00671	S3T1
EUSF00672	S3T1
EUSF00673	S3T1
EUSF00674	S3T1
EUSF00675	S3T1
EUSF00676	S3T1
EUSF00677	S3T1
EUSF00678	S3T1
EUSF00679	S3T1
EUSF00680	S3T1
EUSF00681	S3T1
EUSF00682	S3T1
EUSF00683	S3T1
EUSF00684	S3T1
EUSF00685	S3T1
EUSF00686	S3T1
EUSF00687	S3T1
EUSF00688	S3T1
EUSF00689	S3T1
EUSF00690	S3T1
EUSF00691	S3T1
EUSF00692	S3T1
EUSF00693	S3T1
EUSF00694	S3T1
EUSF00695	S3T1
EUSF00696	S3T1
EUSF00697	S3T1
EUSF00698	S3T1
EUSF00699	S3T1
EUSF00700	S3T1
EUSF00701	S3T1
EUSF00702	S3T1
EUSF00703	S3T1
EUSF00704	S3T1
EUSF00705	S3T1
EUSF00706	S3T1
EUSF00707	S3T1
EUSF00708	S3T1
EUSF00709	S3T1
EUSF00710	S3T1
EUSF00711	S3T1
EUSF00712	S3T1
EUSF00713	S3T1
EUSF00714	S3T1
EUSF00715	S3T1
EUSF00716	S3T1
EUSF00717	S3T1
EUSF00718	S3T1
EUSF00719	S3T1
EUSF00720	S3T1
EUSF00721	S3T1
EUSF00722	S3T1
EUSF00723	S3T1
EUSF00724	S3T1
EUSF00725	S3T1
EUSF00726	S3T1
EUSF00727	S3T1
EUSF00728	S3T1
EUSF00729	S3T1
EUSF00730	S3T1
EUSF00731	S3T2
EUSF00732	S3T2
EUSF00733	S3T2
EUSF00734	S3T2
EUSF00735	S3T2
EUSF00736	S3T2
EUSF00737	S3T2
EUSF00738	S3T2
EUSF00739	S3T2
EUSF00740	S3T2
EUSF00741	S3T2
EUSF00742	S3T2
EUSF00743	S3T2
EUSF00744	S3T2
EUSF00745	S3T2
EUSF00746	S3T2
EUSF00747	S3T2
EUSF00748	S3T2
EUSF00749	S3T2
EUSF00750	S3T2
EUSF00751	S3T2
EUSF00752	S3T2
EUSF00753	S3T2
EUSF00754	S3T2
EUSF00755	S3T2
EUSF00756	S3T2
EUSF00757	S3T2
EUSF00758	S3T2
EUSF00759	S3T2
EUSF00760	S3T2
EUSF00761	S3T2
EUSF00762	S3T2
EUSF00763	S3T2
EUSF00764	S3T2
EUSF00765	S3T2
EUSF00766	S3T2
EUSF00767	S3T2
EUSF00768	S3T2
EUSF00769	S3T2
EUSF00770	S3T2
EUSF00771	S3T2
EUSF00772	S3T2
EUSF00773	S3T2
EUSF00774	S3T2
EUSF00775	S3T2
EUSF00776	S3T2
EUSF00777	S3T2
EUSF00778	S3T2
EUSF00779	S3T2
EUSF00780	S3T2
EUSF00781	S3T2
EUSF00782	S3T3
EUSF00783	S3T3
EUSF00784	S3T3
EUSF00785	S3T3
EUSF00786	S3T3
EUSF00787	S3T3
EUSF00788	S3T3
EUSF00789	S3T3
EUSF00790	S3T3
EUSF00791	S3T3
EUSF00792	S3T3
EUSF00793	S3T3
EUSF00794	ZUSF01038
EUSF00795	S3T4
EUSF00796	S3T4
EUSF00797	S3T4
EUSF00798	S3T4
EUSF00799	S3T4
EUSF00800	S3T4
EUSF00801	S3T4
EUSF00802	S3T4
EUSF00803	S3T4
EUSF00804	S3T4
EUSF00805	S3T4
EUSF00806	S3T4
EUSF00807	S3T5
EUSF00808	S3T4
EUSF00809	S3T4
EUSF00810	S3T5
EUSF00811	S3T4
EUSF00812	S3T4
EUSF00813	S3T4
EUSF00814	S3T4
EUSF00815	S3T4
EUSF00816	S3T4
EUSF00817	S3T4
EUSF00818	S3T4
EUSF00819	S3T4
EUSF00820	S3T4
EUSF00821	S3T4
EUSF00822	S3T4
EUSF00823	S3T5
EUSF00824	S3T4
EUSF00825	S3T4
EUSF00826	S3T4
EUSF00827	S3T4
EUSF00828	S3T4
EUSF00829	S3T4
EUSF00830	S3T4
EUSF00831	S3T4
EUSF00832	S3T4
EUSF00833	S3T4
EUSF00834	S3T4
EUSF00835	S3T4
EUSF00836	S3T4
EUSF00837	S3T4
EUSF00838	S3T4
EUSF00839	S3T5
EUSF00840	S3T5
EUSF00841	S3T5
EUSF00842	S3T5
EUSF00843	S3T5
EUSF00844	S3T5
EUSF00845	S3T5
EUSF00846	S3T5
EUSF00847	S3T5
EUSF00848	S3T5
EUSF00849	S3T5
EUSF00850	S3T5
EUSF00851	S3T5
EUSF00852	S3T5
EUSF00853	S3T5
EUSF00854	S3T5
EUSF00855	S3T5
EUSF00856	S3T5
EUSF00857	S3T5
EUSF00858	S3T5
EUSF00859	S3T5
EUSF00860	S3T5
EUSF00861	S3T5
EUSF00862	S3T5
EUSF00863	S3T5
EUSF00864	S3T5
EUSF00865	S3T5
EUSF00866	S3T5
EUSF00867	S3T5
EUSF00868	S3T5
EUSF00869	S3T5
EUSF00870	S3T5
EUSF00871	S3T5
EUSF00872	S3T5
EUSF00873	S3T5
EUSF00874	S3T5
EUSF00875	S3T5
EUSF00876	S3T5
EUSF00877	S3T5
EUSF00878	S3T5
EUSF00879	S3T5
EUSF00880	S3T5
EUSF00881	S3T5
EUSF00882	S3T5
EUSF00883	S3T5
EUSF00884	S3T5
EUSF00885	S3T5
EUSF00886	S3T5
EUSF00887	S3T5
EUSF00888	S3T5
EUSF00889	S3T5
EUSF00890	S3T5
EUSF00891	S3T5
EUSF00892	S3T5
EUSF00893	S3T1
EUSF00894	S3T1
EUSF00895	S3T1
EUSF00896	S4T1
EUSF00897	S4T1
EUSF00898	S4T1
EUSF00899	S4T1
EUSF00900	S4T1
EUSF00901	S4T1
EUSF00902	S4T1
EUSF00903	S4T1
EUSF00904	S4T1
EUSF00905	S4T1
EUSF00906	S4T1
EUSF00907	S4T1
EUSF00908	S4T1
EUSF00909	S4T1
EUSF00910	S4T1
EUSF00911	S4T1
EUSF00912	S4T1
EUSF00913	S4T1
EUSF00914	S4T1
EUSF00915	S4T1
EUSF00916	S4T1
EUSF00917	S4T1
EUSF00918	S4T1
EUSF00919	S4T1
EUSF00920	S4T1
EUSF00921	S4T1
EUSF00922	S4T1
EUSF00923	S4T1
EUSF00924	S4T1
EUSF00925	S4T1
EUSF00926	S4T1
EUSF00927	S4T1
EUSF00928	S4T1
EUSF00929	S4T1
EUSF00930	S4T1
EUSF00931	S4T1
EUSF00932	S4T1
EUSF00933	S3T3
EUSF00934	S3T3
EUSF00935	S3T3
EUSF00936	S3T3
EUSF00937	S3T3
EUSF00938	S3T3
EUSF00939	S3T3
EUSF00940	S3T3
EUSF00941	S3T3
EUSF00942	S3T3
EUSF00943	S3T3
EUSF00944	S3T3
EUSF00945	S3T3
EUSF00946	S3T3
EUSF00947	S3T3
EUSF00948	S3T3
EUSF00949	S3T3
EUSF00950	S3T3
EUSF00951	S3T3
EUSF00952	S3T3
EUSF00953	S3T3
EUSF00954	S3T3
EUSF00955	S3T3
EUSF00956	S3T3
EUSF00957	S3T3
EUSF00958	S3T3
EUSF00959	S3T3
EUSF00960	S3T3
EUSF00961	S3T3
EUSF00962	S3T3
EUSF00963	S3T3
EUSF00964	S3T3
EUSF00965	S4T1
EUSF00966	S4T1
EUSF00967	S4T1
EUSF00968	S4T1
EUSF00969	S4T1
EUSF00970	S4T1
EUSF00971	S4T1
EUSF00972	S4T1
EUSF00973	S4T1
EUSF00974	S4T1
EUSF00975	S4T1
EUSF00976	S4T1
EUSF00977	S4T1
EUSF00978	S4T1
EUSF00979	S4T1
EUSF00980	S4T1
EUSF00981	S4T1
EUSF00982	S4T2
EUSF00983	S4T2
EUSF00984	S4T2
EUSF00985	S4T2
EUSF00986	S4T2
EUSF00987	S4T2
EUSF00988	S4T2
EUSF00989	S4T2
EUSF00990	S4T2
EUSF00991	S4T2
EUSF00992	S4T2
EUSF00993	S4T2
EUSF00994	S4T2
EUSF00995	S4T2
EUSF00996	S4T2
EUSF00997	S4T2
EUSF00998	S4T2
EUSF00999	S4T2
EUSF01000	S4T2
EUSF01001	S4T2
EUSF01002	S4T2
EUSF01003	S4T2
EUSF01004	S4T2
EUSF01005	S4T2
EUSF01006	S4T2
EUSF01007	S4T2
EUSF01008	S4T2
EUSF01009	S4T2
EUSF01010	S4T2
EUSF01011	S4T2
EUSF01012	S4T2
EUSF01013	S4T2
EUSF01014	S4T2
EUSF01015	S4T2
EUSF01016	S4T2
EUSF01017	S4T2
EUSF01018	S4T2
EUSF01019	S4T2
EUSF01020	S4T2
EUSF01021	S4T2
EUSF01022	S4T2
EUSF01023	S4T2
EUSF01024	S4T2
EUSF01025	S4T2
EUSF01026	S4T2
EUSF01027	S4T2
EUSF01028	S4T2
EUSF01029	S4T3
EUSF01030	S4T3
EUSF01031	S4T3
EUSF01032	S4T3
EUSF01033	S4T3
EUSF01034	S4T3
EUSF01035	S4T3
EUSF01036	S4T3
EUSF01037	S4T4
EUSF01038	S4T4
EUSF01039	S4T4
EUSF01040	S4T4
EUSF01041	S4T4
EUSF01042	S4T4
EUSF01043	S4T4
EUSF01044	S4T4
EUSF01045	S4T4
EUSF01046	S4T4
EUSF01047	S4T4
EUSF01048	S4T4
EUSF01049	S4T4
EUSF01050	S4T4
EUSF01051	S4T4
EUSF01052	S4T4
EUSF01053	S4T4
EUSF01054	S4T4
EUSF01055	S4T4
EUSF01056	S4T4
EUSF01057	S4T4
EUSF01058	S4T4
EUSF01059	S4T4
EUSF01060	S4T4
EUSF01061	S4T4
EUSF01062	S4T4
EUSF01063	S4T4
EUSF01064	S4T4
EUSF01065	S4T4
EUSF01066	S4T5
EUSF01067	S4T5
EUSF01068	S4T5
EUSF01069	S1T3
EUSF01070	S3T1
EUSF01071	S3T1
EUSF01072	S3T1
EUSF01073	S2T1
EUSF01074	S2T1
EUSF01075	S3T3
EUSF01076	S2T4
EUSF01077	S2T4
EUSF01078	S5T1
EUSF01079	S5T1
EUSF01080	S5T1
EUSF01081	S5T1
EUSF01082	S5T1
EUSF01083	S5T1
EUSF01084	S5T1
EUSF01085	S5T1
EUSF01086	S5T1
EUSF01087	S5T1
EUSF01088	S5T1
EUSF01089	S5T1
EUSF01090	S5T1
EUSF01091	S5T1
EUSF01092	S5T1
EUSF01093	S5T1
EUSF01094	S6T1
EUSF01095	S6T1
EUSF01096	S5T2
EUSF01097	S5T2
EUSF01098	S5T2
EUSF01099	S5T2
EUSF01100	S5T2
EUSF01101	S5T2
EUSF01102	S5T2
EUSF01103	S5T2
EUSF01104	S5T2
EUSF01105	S5T2
EUSF01106	S5T2
EUSF01107	S5T2
EUSF01108	S5T2
EUSF01109	S5T2
EUSF01110	S5T2
EUSF01111	S5T2
EUSF01112	S5T2
EUSF01113	S5T2
EUSF01114	S5T2
EUSF01115	S5T2
EUSF01116	S5T2
EUSF01117	S5T2
EUSF01118	S5T2
EUSF01119	S5T2
EUSF01120	S5T2
EUSF01121	S5T2
EUSF01122	S5T2
EUSF01123	S5T2
EUSF01124	S5T2
EUSF01125	S5T2
EUSF01126	S5T2
EUSF01127	S5T2
EUSF01128	S5T2
EUSF01129	S5T2
EUSF01130	S5T2
EUSF01131	S5T2
EUSF01132	S5T2
EUSF01133	S5T2
EUSF01134	S5T2
EUSF01135	S5T2
EUSF01136	S5T2
EUSF01137	S5T2
EUSF01138	S5T2
EUSF01139	S5T2
EUSF01140	S5T2
EUSF01141	S5T3
EUSF01142	S5T3
EUSF01143	S5T3
EUSF01144	S5T3
EUSF01145	S5T3
EUSF01146	S5T3
EUSF01147	S5T3
EUSF01148	S5T3
EUSF01149	S5T3
EUSF01150	S5T3
EUSF01151	S5T3
EUSF01152	S5T3
EUSF01153	S5T3
EUSF01154	S5T3
EUSF01155	S5T3
EUSF01156	S5T3
EUSF01157	S5T3
EUSF01158	S5T3
EUSF01159	S5T3
EUSF01160	S5T3
EUSF01161	S5T3
EUSF01162	S5T3
EUSF01163	S5T3
EUSF01164	S5T4
EUSF01165	S5T4
EUSF01166	S5T4
EUSF01167	S5T4
EUSF01168	S5T4
EUSF01169	S5T4
EUSF01170	S5T4
EUSF01171	S5T4
EUSF01172	S5T4
EUSF01173	S5T4
EUSF01174	S5T4
EUSF01175	S5T4
EUSF01176	S5T4
EUSF01177	S5T4
EUSF01178	S5T4
EUSF01179	S5T4
EUSF01180	S5T4
EUSF01181	S5T4
EUSF01182	S5T4
EUSF01183	S5T4
EUSF01184	S5T4
EUSF01185	S5T4
EUSF01186	S5T4
EUSF01187	S5T4
EUSF01188	S5T4
EUSF01189	S5T4
EUSF01190	S5T4
EUSF01191	S5T4
EUSF01192	S5T4
EUSF01193	S5T4
EUSF01194	S5T4
EUSF01195	S5T4
EUSF01196	S5T4
EUSF01197	S5T4
EUSF01198	S5T4
EUSF01199	S5T4
EUSF01200	S5T4
EUSF01201	S5T4
EUSF01202	S5T4
EUSF01203	S5T4
EUSF01204	S5T4
EUSF01205	S5T4
EUSF01206	S5T4
EUSF01207	S5T4
EUSF01208	S5T4
EUSF01209	S5T4
EUSF01210	S5T5
EUSF01211	S5T5
EUSF01212	S5T5
EUSF01213	S5T5
EUSF01214	S5T5
EUSF01215	S5T5
EUSF01216	S5T5
EUSF01217	S5T5
EUSF01218	S5T5
EUSF01219	S5T5
EUSF01220	S5T5
EUSF01221	S5T5
EUSF01222	S5T5
EUSF01223	S5T5
EUSF01224	S5T5
EUSF01225	S5T5
EUSF01226	S5T5
EUSF01227	S5T5
EUSF01228	S5T5
EUSF01229	S5T5
EUSF01230	S6T1
EUSF01231	S6T1
EUSF01232	S6T1
EUSF01233	S6T1
EUSF01234	S6T1
EUSF01235	S6T1
EUSF01236	S6T1
EUSF01237	S6T1
EUSF01238	S6T1
EUSF01239	S6T1
EUSF01240	S6T1
EUSF01241	S6T1
EUSF01242	S6T1
EUSF01243	S6T1
EUSF01244	S6T1
EUSF01245	S6T1
EUSF01246	S6T1
EUSF01247	S6T1
EUSF01248	S6T1
EUSF01249	S6T1
EUSF01250	S6T1
EUSF01251	S6T1
EUSF01252	S6T1
EUSF01253	S6T1
EUSF01254	S6T1
EUSF01255	S6T1
EUSF01256	S6T1
EUSF01257	S6T1
EUSF01258	S6T1
EUSF01259	S6T1
EUSF01260	S6T1
EUSF01261	S6T1
EUSF01262	S6T1
EUSF01263	S6T1
EUSF01264	S6T1
EUSF01265	S6T1
EUSF01266	S6T1
EUSF01267	S6T2
EUSF01268	S6T2
EUSF01269	S6T2
EUSF01270	S6T2
EUSF01271	S6T2
EUSF01272	S6T2
EUSF01273	S6T2
EUSF01274	S6T2
EUSF01275	S6T2
EUSF01276	S6T2
EUSF01277	S6T2
EUSF01278	S6T2
EUSF01279	S6T2
EUSF01280	S6T2
EUSF01281	S6T2
EUSF01282	S6T2
EUSF01283	S6T2
EUSF01284	S6T2
EUSF01285	S6T2
EUSF01286	S6T2
EUSF01287	S6T2
EUSF01288	S6T2
EUSF01289	S6T2
EUSF01290	S6T2
EUSF01291	S6T2
EUSF01292	S6T2
EUSF01293	S6T2
EUSF01294	S6T2
EUSF01295	S6T3
EUSF01296	S6T3
EUSF01297	S6T3
EUSF01298	S6T3
EUSF01299	S6T3
EUSF01300	S6T3
EUSF01301	S6T3
EUSF01302	S6T3
EUSF01303	S6T3
EUSF01304	S6T3
EUSF01305	S6T3
EUSF01306	S6T3
EUSF01307	S6T3
EUSF01308	S6T3
EUSF01309	S6T3
EUSF01310	S6T3
EUSF01311	S6T3
EUSF01312	S6T3
EUSF01313	S6T3
EUSF01314	S6T3
EUSF01315	S6T3
EUSF01316	S6T3
EUSF01317	S6T3
EUSF01318	S6T3
EUSF01319	S6T3
EUSF01320	S6T3
EUSF01321	S6T3
EUSF01322	S6T3
EUSF01323	S6T3
EUSF01324	S6T3
EUSF01325	S6T3
EUSF01326	S6T3
EUSF01327	S6T3
EUSF01328	S6T3
EUSF01329	S6T4
EUSF01330	S6T4
EUSF01331	S6T4
EUSF01332	S6T3
EUSF01333	S6T4
EUSF01334	S6T4
EUSF01335	S6T4
EUSF01336	S6T4
EUSF01337	S6T4
EUSF01338	S6T4
EUSF01339	S6T4
EUSF01340	S6T4
EUSF01341	S6T4
EUSF01342	S6T4
EUSF01343	S6T4
EUSF01344	S6T4
EUSF01345	S6T4
EUSF01346	S6T4
EUSF01347	S6T5
EUSF01348	S6T5
EUSF01349	S6T5
EUSF01350	S6T5
EUSF01351	S6T5
EUSF01352	S6T5
EUSF01353	S6T5
EUSF01354	S6T5
EUSF01355	S2T1
EUSF01356	S5T2
EUSF01357	S5T2
EUSF01358	S4T1
EUSF01359	S4T1
EUSF01360	S6T3
EUSF01361	S6T3
EUSF01362	S5T2
EUSF01363	S5T2
EUSF01364	S4T2
EUSF01365	S4T2
EUSF01366	S3T3
EUSF01367	S3T2
EUSF01368	S3T2
EUSF01369	S3T3
EUSF01370	S5T4
EUSF01371	S5T4
EUSF01372	S5T4
EUSF01373	S5T4
EUSF01374	S4T2
EUSF01375	S4T2
EUSF01376	S5T4
EUSF01377	S5T4
EUSF01378	S5T4
EUSF01379	S4T2
EUSF01380	S4T2
EUSF01381	S4T2
EUSF01382	S5T4
EUSF01383	S5T4
EUSF01384	S1T1
EUSF01385	S1T1
EUSF01386	S1T1
EUSF01387	S1T1
EUSF01388	S1T1
EUSF01389	S1T1
EUSF01390	S1T1
EUSF01391	S1T1
EUSF01392	S1T1
EUSF01393	S1T2
EUSF01394	S1T2
EUSF01395	S1T2
EUSF01396	S1T2
EUSF01397	S1T2
EUSF01398	S1T2
EUSF01399	S1T2
EUSF01400	S1T3
EUSF01401	S1T3
EUSF01402	S1T3
EUSF01403	S1T3
EUSF01404	S1T5
EUSF01405	S2T1
EUSF01406	S2T1
EUSF01407	S2T1
EUSF01408	S2T1
EUSF01409	S2T1
EUSF01410	S2T1
EUSF01411	S2T2
EUSF01412	S2T2
EUSF01413	S2T2
EUSF01414	S2T3
EUSF01415	S2T3
EUSF01416	S2T3
EUSF01417	S2T3
EUSF01418	S2T3
EUSF01419	S2T3
EUSF01420	S2T4
EUSF01421	S2T4
EUSF01422	S2T4
EUSF01423	S2T4
EUSF01424	S2T4
EUSF01425	S2T5
EUSF01426	S2T5
EUSF01427	S2T5
EUSF01428	S6T4
EUSF01429	S2T5
EUSF01430	S2T5
EUSF01431	S2T5
EUSF01432	S2T5
EUSF01433	S2T5
EUSF01434	S3T1
EUSF01435	S3T1
EUSF01436	S3T1
EUSF01437	S3T1
EUSF01438	S3T1
EUSF01439	S3T1
EUSF01440	S3T1
EUSF01441	S3T1
EUSF01442	S3T2
EUSF01443	S3T2
EUSF01444	S3T2
EUSF01445	S3T2
EUSF01446	S3T3
EUSF01447	S3T3
EUSF01448	S3T3
EUSF01449	S3T3
EUSF01450	S3T4
EUSF01451	S3T4
EUSF01452	S3T5
EUSF01453	S3T5
EUSF01454	S3T5
EUSF01455	S3T5
EUSF01456	S3T5
EUSF01457	S3T5
EUSF01458	S3T5
EUSF01459	S3T5
EUSF01460	S3T5
EUSF01461	S3T5
EUSF01462	S3T5
EUSF01463	S3T5
EUSF01464	S3T5
EUSF01465	S3T5
EUSF01466	S3T5
EUSF01467	S4T1
EUSF01468	S4T1
EUSF01469	S4T1
EUSF01470	S4T1
EUSF01471	S4T1
EUSF01472	S4T2
EUSF01517	S4T3
EUSF01518	S4T3
EUSF01519	S4T3
EUSF01520	S4T3
EUSF01521	S4T3
EUSF01522	S4T3
EUSF01523	S4T3
EUSF01524	S4T3
EUSF01525	S4T4
EUSF01526	S4T4
EUSF01527	S4T4
EUSF01528	S4T4
EUSF01529	S4T4
EUSF01530	S4T4
EUSF01531	S4T4
EUSF01532	S4T4
EUSF01533	S4T5
EUSF01534	S5T1
EUSF01535	S5T1
EUSF01536	S5T1
EUSF01537	S5T1
EUSF01538	S5T1
EUSF01539	S5T1
EUSF01540	S5T1
EUSF01541	S5T1
EUSF01542	S5T1
EUSF01543	S5T1
EUSF01544	S5T1
EUSF01545	S5T1
EUSF01546	S5T1
EUSF01547	S5T1
EUSF01548	S5T2
EUSF01549	S5T2
EUSF01590	S5T2
EUSF01591	S5T2
EUSF01592	S5T2
EUSF01593	S5T2
EUSF01594	S5T2
EUSF01595	S5T2
EUSF01596	S5T2
EUSF01597	S5T2
EUSF01598	S5T2
EUSF01599	S5T2
EUSF01600	S5T2
EUSF01601	S5T2
EUSF01602	S5T2
EUSF01603	S5T2
EUSF01604	S5T2
EUSF01605	S5T2
EUSF01606	S5T2
EUSF01607	S5T2
EUSF01608	S5T3
EUSF01609	S5T3
EUSF01610	S5T3
EUSF01611	S5T3
EUSF01612	S5T3
EUSF01613	S5T3
EUSF01614	S5T3
EUSF01615	S5T3
EUSF01616	S5T3
EUSF01617	S5T3
EUSF01618	S5T3
EUSF01619	S5T3
EUSF01620	S5T3
EUSF01621	S5T4
EUSF01622	S5T4
EUSF01623	S5T4
EUSF01624	S5T4
EUSF01625	S5T4
EUSF01626	S5T4
EUSF01627	S5T4
EUSF01628	S5T4
EUSF01629	S5T4
EUSF01630	S5T5
EUSF01631	S5T5
EUSF01632	S6T1
EUSF01633	S6T1
EUSF01678	S6T1
EUSF01679	S6T1
EUSF01680	S6T1
EUSF01681	S6T2
EUSF01682	S6T2
EUSF01683	S6T2
EUSF01684	S6T2
EUSF01685	S6T2
EUSF01686	S6T2
EUSF01687	S6T2
EUSF01688	S6T3
EUSF01689	S6T3
EUSF01690	S6T3
EUSF01691	S6T3
EUSF01692	S6T3
EUSF01693	S6T3
EUSF01694	S6T3
EUSF01695	S6T4
EUSF01696	S6T4
EUSF01697	S6T4
EUSF01698	S6T4
EUSF01699	S6T5
EUSF01700	S6T5
EUSF01701	S6T5
EUSF01702	S6T5
EUSF01703	S6T5
EUSF01704	S6T5
EUSF01705	S6T5
EUSF01706	S3T2
EUSF01707	S2T1
EUSF01708	S2T1
EUSF01709	S3T5
EUSF01710	S3T5
EUSF01711	S5T4
EUSF01712	S5T4
EUSF01713	S3T5
EUSF01714	S4T1
EUSF01715	S4T1
EUSF01716	S3T5
EUSF01717	S1T4
EUSF01718	S1T5
EUSF01719	S1T5
EUSF01720	S1T5
EUSF01721	S1T5
EUSF01473	201711-T08
EUSF01474	201711-T01
EUSF01475	201711-T02
EUSF01476	201711-T02
EUSF01477	201711-T02
EUSF01478	201711-T07
EUSF01479	201711-T06
EUSF01480	201711-T06
EUSF01481	201711-T02
EUSF01482	201711-T06
EUSF01483	201711-T01
EUSF01484	201711-T05
EUSF01485	201711-T01
EUSF01486	201711-T07
EUSF01487	201711-T02
EUSF01488	201711-T06
EUSF01489	201711-T06
EUSF01490	201711-T08
EUSF01491	201711-T08
EUSF01492	201711-T08
EUSF01493	201711-T01
EUSF01494	NA
EUSF01495	201711-T07
EUSF01496	201711-T02
EUSF01497	201711-T06
EUSF01498	201711-T06
EUSF01499	201711-T06
EUSF01500	201711-T02
EUSF01501	201711-T06
EUSF01502	201711-T06
EUSF01503	201711-T01
EUSF01504	201711-T06
EUSF01505	201711-T02
EUSF01506	201711-T01
EUSF01507	201711-T04
EUSF01508	201711-T02
EUSF01509	201711-T06
EUSF01510	201711-T02
EUSF01511	201711-T06
EUSF01512	201711-T08
EUSF01513	201711-T02
EUSF01514	201711-T01
EUSF01515	201711-T04
EUSF01516	201711-T02
EUSF01550	201711-T01
EUSF01551	201711-T06
EUSF01552	201711-T06
EUSF01553	201711-T06
EUSF01554	201711-T01
EUSF01555	201711-T07
EUSF01556	201711-T01
EUSF01557	201711-T01
EUSF01558	201711-T02
EUSF01559	201711-T02
EUSF01560	201711-T02
EUSF01561	201711-T02
EUSF01562	201711-T01
EUSF01563	201711-T02
EUSF01564	201711-T08
EUSF01565	201711-T08
EUSF01566	201711-T05
EUSF01567	201711-T01
EUSF01568	201711-T08
EUSF01569	201711-T08
EUSF01570	201711-T03
EUSF01571	201711-T02
EUSF01572	201711-T02
EUSF01573	201711-T02
EUSF01574	201711-T03
EUSF01575	201711-T01
EUSF01576	201711-T02
EUSF01577	201711-T04
EUSF01578	201711-T01
EUSF01579	201711-T01
EUSF01580	201711-T04
EUSF01581	201711-T06
EUSF01582	201711-T08
EUSF01583	201711-T02
EUSF01584	201711-T06
EUSF01585	201711-T06
EUSF01586	201711-T02
EUSF01587	201711-T01
EUSF01588	201711-T02
EUSF01589	201711-T06
EUSF01634	201711-T08
EUSF01635	201711-T02
EUSF01636	201711-T08
EUSF01637	201711-T08
EUSF01638	201711-T08
EUSF01639	201711-T08
EUSF01640	201711-T08
EUSF01641	201711-T02
EUSF01642	201711-T02
EUSF01643	201711-T02
EUSF01644	201711-T05
EUSF01645	201711-T06
EUSF01646	201711-T03
EUSF01647	201711-T01
EUSF01648	201711-T01
EUSF01649	201711-T03
EUSF01650	201711-T02
EUSF01651	201711-T02
EUSF01652	201711-T08
EUSF01653	201711-T03
EUSF01654	201711-T03
EUSF01655	201711-T08
EUSF01656	201711-T02
EUSF01657	201711-T08
EUSF01658	201711-T06
EUSF01659	201711-T01
EUSF01660	201711-T08
EUSF01661	201711-T03
EUSF01662	201711-T08
EUSF01663	201711-T08
EUSF01664	201711-T01
EUSF01665	201711-T02
EUSF01666	201711-T02
EUSF01667	201711-T06
EUSF01668	201711-T06
EUSF01669	201711-T02
EUSF01670	201711-T03
EUSF01671	201711-T08
EUSF01672	201711-T07
EUSF01673	201711-T02
EUSF01674	201711-T08
EUSF01675	201711-T02
EUSF01676	201711-T02
EUSF01677	201711-T08
EUSF01722	201711-T03
EUSF01723	201711-T02
EUSF01724	201711-T08
EUSF01725	201711-T08
EUSF01726	201711-T01
EUSF01727	201711-T08
EUSF01728	201711-T05
EUSF01729	201711-T01
EUSF01730	201711-T06
EUSF01731	201711-T01
EUSF01732	201711-T01
EUSF01733	201711-T01
EUSF01734	201711-T01
EUSF01735	201711-T01
EUSF01736	201711-T01
EUSF01737	201711-T02
EUSF01738	201711-T02
EUSF01739	201711-T01
EUSF01740	201711-T01
EUSF01741	201711-T02
EUSF01742	201711-T02
EUSF01743	201711-T01
EUSF01744	201711-T01
EUSF01745	201711-T08
EUSF01746	201711-T01
EUSF01747	201711-T02
EUSF01748	201711-T01
EUSF01749	201711-T01
EUSF01750	201711-T01
EUSF01751	201711-T01
EUSF01752	201711-T08
EUSF01753	201711-T04
EUSF01754	201711-T01
EUSF01755	201711-T04
EUSF01756	201711-T04
EUSF01757	201711-T04
EUSF01758	201711-T01
EUSF01759	201711-T01
EUSF01760	201711-T06
EUSF01761	201711-T02
EUSF01762	201711-T02
EUSF01763	201711-T02
EUSF01764	201711-T01
EUSF01765	201711-T01
EUSF01766	201711-T02
EUSF01767	201711-T06
EUSF01768	201711-T02
EUSF01769	201711-T02
EUSF01770	201711-T01
EUSF01771	201711-T08
EUSF01772	201711-T07
EUSF01773	201711-T08
EUSF01774	201711-T06
EUSF01775	201711-T08
EUSF01776	201711-T06
EUSF01777	201711-T06
EUSF01778	201711-T03
EUSF01779	201711-T04
EUSF01780	201711-T04
EUSF01781	201711-T07
EUSF01782	201711-T07
EUSF01783	201711-T08
EUSF01784	201711-T08
EUSF01785	201711-T08
EUSF01786	ZUSF02451
EUSF01787	201711-T08
EUSF01788	201711-T08
EUSF01789	NA
EUSF01790	201711-T02
EUSF01791	201711-T02
EUSF01792	201711-T06
EUSF01793	201711-T08
EUSF01794	201711-T08
EUSF01795	201711-T02
EUSF01796	201711-T01
EUSF01797	201711-T03
EUSF01798	201711-T08
EUSF01799	201711-T01
EUSF01800	201711-T01
EUSF01801	201711-T01
EUSF01802	201711-T06
EUSF01803	201711-T02
EUSF01804	201711-T02
EUSF01805	ZUSF02452
EUSF01806	201711-T08
EUSF01807	201711-T04
EUSF01808	201711-T02
EUSF01809	201711-T08
EUSF01810	201711-T01
EUSF01811	NA
EUSF01812	ZUSF02599
EUSF01813	ZUSF02601
EUSF01814	ZUSF02602
EUSF01815	ZUSF02603
EUSF01816	ZUSF02604
EUSF01817	ZUSF02605
EUSF01818	ZUSF02606
EUSF01819	ZUSF02610
EUSF01820	ZUSF02611
EUSF01821	ZUSF02612
EUSF01822	ZUSF02613
EUSF01823	ZUSF02615
EUSF01824	ZUSF02616
EUSF01825	ZUSF02619
EUSF01826	ZUSF02622
EUSF01827	ZUSF02624
EUSF01828	ZUSF02626
EUSF01829	ZUSF02627
EUSF01830	ZUSF02628
EUSF01831	ZUSF02630
EUSF01832	ZUSF02631
EUSF01833	ZUSF02633
EUSF01834	ZUSF02634
EUSF01835	ZUSF02635
EUSF01836	ZUSF02640
EUSF01837	ZUSF02642
EUSF01838	ZUSF02643
EUSF01839	ZUSF02644
EUSF01840	ZUSF02645
EUSF01841	ZUSF02649
EUSF01842	ZUSF02650
EUSF01843	ZUSF02651
EUSF01844	ZUSF02652
EUSF01845	ZUSF02653
EUSF01846	ZUSF02655
EUSF01847	ZUSF02656
EUSF01848	ZUSF02657
EUSF01849	ZUSF02658
EUSF01850	ZUSF02659
EUSF01851	ZUSF02660
EUSF01884	ZUSF02661
EUSF01885	ZUSF02662
EUSF01886	ZUSF02663
EUSF01887	ZUSF02664
EUSF01888	ZUSF02665
EUSF01889	ZUSF02666
EUSF01890	ZUSF02667
EUSF01891	ZUSF02668
EUSF01892	ZUSF02669
EUSF01893	ZUSF02670
EUSF01894	ZUSF02671
EUSF01895	ZUSF02672
EUSF01896	ZUSF02673
EUSF01897	ZUSF02674
EUSF01898	ZUSF02675
EUSF01899	ZUSF02676
EUSF01900	ZUSF02677
EUSF01901	ZUSF02678
EUSF01902	ZUSF02679
EUSF01903	ZUSF02680
EUSF01946	ZUSF02500
EUSF01947	ZUSF02499
EUSF01948	ZUSF02494
EUSF01949	ZUSF02664
EUSF01950	ZUSF02550
EUSF01951	ZUSF02551
EUSF01952	ZUSF02515
EUSF01953	ZUSF02536
EUSF01954	ZUSF02541
EUSF01955	ZUSF02540
EUSF01956	ZUSF02543
EUSF01957	ZUSF02512
EUSF01958	ZUSF02503
EUSF01959	ZUSF02491
EUSF01960	ZUSF02546
EUSF01961	ZUSF02547
EUSF01962	ZUSF02555
EUSF01963	ZUSF02556
EUSF01964	ZUSF02516
EUSF01965	ZUSF02522
EUSF01966	ZUSF02542
EUSF01967	ZUSF02502
EUSF01968	ZUSF02526
EUSF01969	ZUSF02554
EUSF01970	ZUSF02523
EUSF01971	ZUSF02493
EUSF01972	ZUSF02510
EUSF01973	ZUSF02508
EUSF01852	ZUSF02513
EUSF01853	ZUSF02517
EUSF01854	201711-T01
EUSF01855	ZUSF02497
EUSF01856	ZUSF02490
EUSF01857	ZUSF02489
EUSF01858	ZUSF02488
EUSF01859	ZUSF02525
EUSF01860	ZUSF02563
EUSF01861	ZUSF02548
EUSF01862	ZUSF02567
EUSF01863	ZUSF02562
EUSF01864	ZUSF02492
EUSF01865	ZUSF02530
EUSF01866	ZUSF02533
EUSF01867	ZUSF02487
EUSF01868	ZUSF02518
EUSF01869	ZUSF02524
EUSF01870	ZUSF02506
EUSF01871	ZUSF02498
EUSF01872	ZUSF02486
EUSF01873	ZUSF02566
EUSF01874	ZUSF02560
EUSF01875	ZUSF02565
EUSF01876	ZUSF02495
EUSF01877	ZUSF02501
EUSF01878	ZUSF02507
EUSF01879	ZUSF02509
EUSF01880	ZUSF02496
EUSF01881	ZUSF02557
EUSF01882	ZUSF02545
EUSF01883	ZUSF02520
EUSF01904	ZUSF02571
EUSF01905	ZUSF02534
EUSF01906	ZUSF02576
EUSF01907	ZUSF02577
EUSF01908	ZUSF02589
EUSF01909	ZUSF02521
EUSF01910	ZUSF02579
EUSF01911	ZUSF02578
EUSF01912	ZUSF02529
EUSF01913	ZUSF02538
EUSF01914	ZUSF02572
EUSF01915	ZUSF02573
EUSF01916	ZUSF02558
EUSF01917	ZUSF02552
EUSF01918	ZUSF02561
EUSF01919	ZUSF02559
EUSF01920	ZUSF02591
EUSF01921	ZUSF02544
EUSF01922	ZUSF02574
EUSF01923	ZUSF02519
EUSF01924	ZUSF02582
EUSF01925	ZUSF02532
EUSF01926	ZUSF02590
EUSF01927	ZUSF02589
EUSF01928	ZUSF02549
EUSF01929	ZUSF02504
EUSF01930	ZUSF02535
EUSF01931	ZUSF02537
EUSF01932	ZUSF02531
EUSF01933	ZUSF02511
EUSF01934	ZUSF02581
EUSF01935	ZUSF02580
EUSF01936	ZUSF02568
EUSF01937	ZUSF02564
EUSF01938	ZUSF02575
EUSF01939	ZUSF02539
EUSF01940	ZUSF02570
EUSF01941	ZUSF02528
EUSF01942	ZUSF02553
EUSF01943	ZUSF02569
EUSF01944	ZUSF02584
EUSF01945	ZUSF02594
EUSF01973	ZUSF02868
EUSF01974	ZUSF02858
EUSF01975	ZUSF02909
EUSF01976	ZUSF02956
EUSF01977	ZUSF02995
EUSF01978	ZUSF02944
EUSF01979	ZUSF02980
EUSF01980	ZUSF02958
EUSF01981	ZUSF02962
EUSF01982	ZUSF02984
EUSF01983	ZUSF02992
EUSF01984	ZUSF02873
EUSF01985	ZUSF02968
EUSF01986	ZUSF02974
EUSF01987	ZUSF02850
EUSF01988	ZUSF02986
EUSF01989	ZUSF02943
EUSF01990	ZUSF02853
EUSF01991	ZUSF02841
EUSF01992	ZUSF02892
EUSF01993	ZUSF02919
EUSF01994	ZUSF02941
EUSF01995	ZUSF02933
EUSF01996	ZUSF02927
EUSF01997	ZUSF03060
EUSF01998	ZUSF03025
EUSF01999	ZUSF02972
EUSF02000	ZUSF02981
EUSF02001	ZUSF02945
EUSF02002	ZUSF03021
EUSF02003	ZUSF02903
EUSF02004	ZUSF02889
EUSF02005	ZUSF03026
EUSF02006	ZUSF03043
EUSF02007	ZUSF02855
EUSF02008	ZUSF02967
EUSF02009	ZUSF02957
EUSF02010	ZUSF02939
EUSF02011	ZUSF02994
EUSF02012	ZUSF02940
EUSF02013	ZUSF03044
EUSF02014	ZUSF02867
EUSF02015	ZUSF03055
EUSF02016	ZUSF02915
EUSF02017	ZUSF03006
EUSF02018	ZUSF02965
EUSF02019	ZUSF02875
EUSF02020	ZUSF02880
EUSF02021	ZUSF02871
EUSF02022	ZUSF02872
EUSF02023	ZUSF03013
EUSF02024	ZUSF02996
EUSF02025	ZUSF03047
EUSF02026	ZUSF02846
EUSF02027	ZUSF03003
EUSF02028	ZUSF02866
EUSF02029	ZUSF02865
EUSF02030	ZUSF03004
EUSF02031	ZUSF03038
EUSF02032	ZUSF03041
EUSF02033	ZUSF02882
EUSF02034	ZUSF03058
EUSF02035	ZUSF02891
EUSF02036	ZUSF02904
EUSF02037	ZUSF02935
EUSF02038	ZUSF02999
EUSF02039	ZUSF03005
EUSF02040	ZUSF02959
EUSF02041	ZUSF03024
EUSF02042	ZUSF03023
EUSF02043	ZUSF03012
EUSF02044	ZUSF02861
EUSF02045	ZUSF03019
EUSF02046	ZUSF02897
EUSF02047	ZUSF02896
EUSF02048	ZUSF02876
EUSF02049	ZUSF02888
EUSF02050	ZUSF02854
EUSF02051	ZUSF02920
EUSF02052	ZUSF02923
EUSF02053	ZUSF02921
EUSF02054	ZUSF03020
EUSF02055	ZUSF02918
EUSF02056	ZUSF02979
EUSF02057	ZUSF02895
EUSF02058	ZUSF02860
EUSF02059	ZUSF02886
EUSF02060	ZUSF03029
EUSF02061	ZUSF02942
EUSF02062	ZUSF03030
EUSF02063	ZUSF03017
EUSF02064	ZUSF03042
EUSF02065	ZUSF02964
EUSF02066	ZUSF02982
EUSF02067	ZUSF02869
EUSF02068	ZUSF02938
EUSF02069	ZUSF03092
EUSF02070	ZUSF03106
EUSF02071	ZUSF03088
EUSF02072	ZUSF03076
EUSF02073	ZUSF03098
EUSF02074	ZUSF03075
EUSF02075	ZUSF03074
EUSF02076	ZUSF03083
EUSF02077	ZUSF03050
EUSF02078	ZUSF02946
EUSF02079	ZUSF02859
EUSF02080	ZUSF02934
EUSF02081	ZUSF02910
EUSF02082	ZUSF02975
EUSF02083	ZUSF03049
EUSF02084	ZUSF02843
EUSF02085	ZUSF02812
EUSF02086	ZUSF02750
EUSF02087	ZUSF02827
EUSF02088	ZUSF02706
EUSF02089	ZUSF02786
EUSF02090	ZUSF03077
EUSF02091	ZUSF03046
EUSF02092	ZUSF03034
EUSF02093	ZUSF03105
EUSF02094	ZUSF03093
EUSF02095	ZUSF03089
EUSF02096	ZUSF03067
EUSF02097	ZUSF02922
EUSF02098	ZUSF02929
EUSF02099	ZUSF02902
EUSF02100	ZUSF02820
EUSF02101	ZUSF03072
EUSF02102	ZUSF02857
EUSF02103	ZUSF02955
EUSF02104	ZUSF02926
EUSF02105	ZUSF02966
EUSF02106	ZUSF03064
EUSF02107	ZUSF03065
EUSF02108	ZUSF03040
EUSF02109	ZUSF02762
EUSF02110	ZUSF02705
EUSF02111	ZUSF02822
EUSF02112	ZUSF02721
EUSF02113	ZUSF02937
EUSF02114	ZUSF03090
EUSF02115	ZUSF02976
EUSF02116	ZUSF02801
EUSF02117	ZUSF03051
EUSF02118	ZUSF02901
EUSF02119	ZUSF03107
EUSF02120	ZUSF02917
EUSF02121	ZUSF02916
EUSF02122	ZUSF02913
EUSF02123	ZUSF02898
EUSF02124	ZUSF02842
EUSF02125	ZUSF03063
EUSF02126	ZUSF03091
EUSF02127	ZUSF03078
EUSF02128	ZUSF03108
EUSF02129	ZUSF03085
EUSF02130	ZUSF02844
EUSF02131	ZUSF03100
EUSF02132	ZUSF03087
EUSF02133	ZUSF02978
EUSF02134	ZUSF02893
EUSF02135	ZUSF02973
EUSF02136	ZUSF02908
EUSF02137	ZUSF02851
EUSF02138	ZUSF03016
EUSF02139	ZUSF03053
EUSF02140	ZUSF02925
EUSF02141	ZUSF02894
EUSF02142	ZUSF02856
EUSF02143	ZUSF02878
EUSF02144	ZUSF02906
EUSF02145	ZUSF02849
EUSF02146	ZUSF02991
EUSF02147	ZUSF02936
EUSF02148	ZUSF02977
EUSF02149	ZUSF02847
EUSF02150	ZUSF02900
EUSF02151	ZUSF03031
EUSF02152	ZUSF03039
EUSF02153	ZUSF02890
EUSF02154	ZUSF03035
EUSF02155	ZUSF02998
EUSF02156	ZUSF03082
EUSF02157	ZUSF03068
EUSF02158	ZUSF02848
EUSF02159	ZUSF03057
EUSF02160	ZUSF02931
EUSF02161	ZUSF03032
EUSF02162	ZUSF02905
EUSF02163	ZUSF02809
EUSF02164	ZUSF02760
EUSF02165	ZUSF02874
EUSF02166	ZUSF02863
EUSF02167	ZUSF02879
EUSF02168	ZUSF02928
EUSF02169	ZUSF03048
EUSF02170	ZUSF03066
EUSF02171	ZUSF02947
EUSF02172	ZUSF02949
EUSF02173	ZUSF02950
EUSF02174	ZUSF02951
EUSF02175	ZUSF02952
EUSF02176	ZUSF03054
EUSF02177	ZUSF03007
EUSF02178	ZUSF03009
EUSF02179	ZUSF03010
EUSF02180	ZUSF03027
EUSF02181	ZUSF02987
EUSF02182	ZUSF03002
EUSF02183	ZUSF03071
EUSF02184	ZUSF02997
EUSF02185	ZUSF02877
EUSF02186	ZUSF02980
EUSF02187	ZUSF03028
EUSF02188	ZUSF02989
EUSF02189	ZUSF03011
EUSF02190	ZUSF03008
EUSF02191	ZUSF03000
EUSF02192	ZUSF02914
EUSF02193	ZUSF02954
EUSF02194	ZUSF03033
EUSF02195	ZUSF03018
EUSF02196	ZUSF03059
EUSF02197	ZUSF02932
EUSF02198	ZUSF03056
EUSF02199	ZUSF03001
EUSF02200	ZUSF03059
EUSF02201	ZUSF02924
EUSF02202	ZUSF02990
EUSF02203	ZUSF02985
EUSF02204	ZUSF02960
EUSF02205	ZUSF02970
EUSF02206	ZUSF02899
EUSF02207	ZUSF02912
EUSF02208	ZUSF02887
EUSF02209	ZUSF03069
EUSF02210	ZUSF02971
EUSF02211	ZUSF02726
EUSF02212	ZUSF02988
EUSF02213	ZUSF02993
EUSF02214	ZUSF02862
EUSF02215	ZUSF03037
EUSF02216	ZUSF02881
EUSF02217	ZUSF02885
EUSF02218	ZUSF02884
EUSF02219	ZUSF02883
EUSF02220	ZUSF02911
EUSF02221	ZUSF03061
EUSF02222	ZUSF03062
EUSF02223	ZUSF02983
EUSF02224	ZUSF02864
EUSF02225	ZUSF02870
EUSF02226	ZUSF02969
EUSF02227	ZUSF02963
EUSF02228	ZUSF02747
EUSF02229	ZUSF03045
EUSF02230	ZUSF02961
EUSF02231	ZUSF02790
EUSF02232	ZUSF02838
EUSF02233	ZUSF02785
EUSF02234	ZUSF02831
EUSF02235	ZUSF02814
EUSF02236	ZUSF02798
EUSF02237	ZUSF02836
EUSF02238	ZUSF02810
EUSF02239	ZUSF02789
EUSF02240	ZUSF02823
EUSF02241	ZUSF02804
EUSF02242	ZUSF02794
EUSF02243	ZUSF02742
EUSF02244	ZUSF02741
EUSF02245	ZUSF02714
EUSF02246	ZUSF02708
EUSF02247	ZUSF02797
EUSF02248	ZUSF02756
EUSF02249	ZUSF02757
EUSF02250	ZUSF02704
EUSF02251	ZUSF02699
EUSF02252	ZUSF02718
EUSF02253	ZUSF02587
EUSF02254	ZUSF02777
EUSF02255	NA
EUSF02256	ZUSF02710
EUSF02257	ZUSF02821
EUSF02258	ZUSF02807
EUSF02259	ZUSF02753
EUSF02260	ZUSF02485
EUSF02261	ZUSF02711
EUSF02262	ZUSF02791
EUSF02263	ZUSF02738
EUSF02264	ZUSF02597
EUSF02265	ZUSF02713
EUSF02266	ZUSF02722
EUSF02267	ZUSF02707
EUSF02268	ZUSF02778
EUSF02269	ZUSF02824
EUSF02270	ZUSF02703
EUSF02271	ZUSF02752
EUSF02272	ZUSF02702
EUSF02273	ZUSF02592
EUSF02274	ZUSF02749
EUSF02275	ZUSF02776
EUSF02276	ZUSF02751
EUSF02277	ZUSF02802
EUSF02278	ZUSF02740
EUSF02279	201711-T01
EUSF02280	ZUSF02701
EUSF02281	ZUSF02697
EUSF02282	ZUSF02759
EUSF02283	ZUSF02593
EUSF02284	ZUSF02719
EUSF02285	ZUSF02709
EUSF02286	ZUSF02770
EUSF02287	ZUSF02595
EUSF02288	ZUSF02700
EUSF02289	ZUSF02712
EUSF02290	ZUSF02588
EUSF02291	ZUSF02586
EUSF02292	ZUSF02774
EUSF02293	ZUSF02724
EUSF02294	ZUSF02806
EUSF02295	ZUSF02484
EUSF02296	ZUSF02796
EUSF02297	ZUSF02792
EUSF02298	ZUSF02775
EUSF02299	ZUSF02840
EUSF02300	ZUSF02695
EUSF02301	ZUSF02596
EUSF02302	ZUSF02723
EUSF02303	ZUSF02727
EUSF02304	ZUSF02771
EUSF02305	ZUSF02746
EUSF02306	ZUSF02780
EUSF02307	ZUSF02730
EUSF02308	ZUSF02805
EUSF02309	ZUSF02813
EUSF02310	ZUSF02698
EUSF02311	ZUSF02819
EUSF02312	ZUSF02731
EUSF02313	ZUSF02734
EUSF02314	ZUSF02779
EUSF02315	ZUSF02483
EUSF02316	ZUSF02733
EUSF02317	ZUSF02833
EUSF02318	ZUSF02696
EUSF02319	ZUSF02735
EUSF02320	ZUSF02725
EUSF02321	ZUSF02728
EUSF02322	ZUSF02769
EUSF02323	ZUSF02768
EUSF02324	ZUSF02766
EUSF02325	ZUSF02816
EUSF02326	ZUSF02717
EUSF02327	ZUSF02767
EUSF02328	ZUSF02758
EUSF02329	ZUSF02745
EUSF02330	ZUSF02764
EUSF02331	ZUSF02754
EUSF02332	ZUSF02763
EUSF02333	ZUSF02761
EUSF02334	ZUSF02765
EUSF02335	ZUSF02480
EUSF02336	ZUSF02459
EUSF02337	ZUSF02461
EUSF02338	ZUSF02694
EUSF02339	ZUSF02692
EUSF02340	ZUSF02818
EUSF02341	ZUSF02460
EUSF02342	ZUSF02464
EUSF02343	ZUSF02462
EUSF02344	ZUSF02693
EUSF02345	ZUSF02482
EUSF02346	ZUSF02481
EUSF02347	ZUSF02463
